id,name,location,description,priority,is_active,body,created_at,updated_at
1,Marketing Questions,marketing_questions,Active Marketing Questions,NULL,TRUE,"<div>
<h1>Trending Forecast Questions</h1>

					<ol>
<li><a href = ""/#!/questions/1117/trades/create/safe"">Will at least 250 data breaches in the US be reported by the ITRC from January to March 2015?</a></li>
<li><a href = ""/#!/questions/900/trades/create/safe"">When will the first car equipped with vehicle-to-vehicle (V2V) safety technology be offered for sale to the general public in the US?</a></li>
<li><a href = ""/#!/questions/566/trades/create/safe"">The Internet of Things (IoT) consisted of about 20 billion connected devices at the end of 2013. How many 'things' will be connected to the Internet by the end of 2014?</a></li>
<li><a href = ""/#!/questions/377/trades/create/safe"">Will the Mars Curiosity Rover discover organic matter on Mars by July 1, 2015?</a></li>
						<h3><a href=""/#!/questions"" rel=""nofollow"">+ See More Questions</a></h3>
					</ol>
</div>",44:43.2,58:02.8
2,College Bowl Top,banner_logged_in_top,College Bowl,NULL,FALSE,"<div class = ""college"" >
		<a class = ""btn yellowish"" href = ""/#!/groups"">JOIN NOW </a>
		<div class = ""college message"" >First prize: $500 Gift Certificate at Chipotle or Amazon (your pick.) Lots of other individual and team prizes. <a class = ""btn"" href = ""/collegebowl"">Learn More</a>
		</div>
	</div>",45:57.2,53:25.7
5,Terms have changed,banner_logged_in_top,NULL,3,FALSE,"<style>
.banner {
background: #e1ba38;
padding: 10px 50px 10px 10px;
font-size: 16px;
line-height: 16px
}
</style>
We modified our consent form on 24 October, 2014 for an upcoming contest.  If you keep participating in SciCast, we'll assume you've given your consent, but please take a moment to read <a href = ""/#!/terms"">here</a>. (Changes: duration, awards, people invited by a prof. society)",55:01.5,19:13.1
3,Recommender Update Top,banner_logged_in_top,"Was the original QuickTrade and Recommender; Tried to change, but didn't know we needed to change name to get it to show. Created new Banner 8 instead.",0,FALSE,"<style>
.banner {
background: #e1ba38;
padding: 10px 50px 10px 10px;
font-size: 16px;
line-height: 16px
}
</style>
<div style = ""font-size: 20px; line-height: 1.2em"">New features!  <i>Something about QuickTrade.</i>  Try the recommended questions carousel on the <a  href=""/#!/exchange_dashboard"">homepage</a>.<br/>Recommendations are better the more you forecast!</div>",52:54.3,55:59.6
8,Recommender Update Top2,banner_logged_in_top,Prompt people to try the recommender.,1,FALSE,"<style>
.banner {
background: #e1ba38;
padding: 10px 50px 10px 10px;
font-size: 16px;
line-height: 16px
}
</style>
<div style = ""font-size: 20px; line-height: 1.2em"">Try the recommended questions carousel on the <a  href=""/#!/exchange_dashboard"">homepage</a>.<br/>&#x25BC; Recommendations are better the more you forecast! &#x25BC;</div>",46:44.0,46:41.9
4,Recurring Trades Top,banner_logged_in_top,Link to blog post about new recurring trade and spam updates,4,FALSE,"<span style = ""font-size: 20px; line-height: 1.2em"">Help fight comment spam. Also tell SciCast to repeat your forecast if you feel strongly about it.<br /><a href = ""http://blog.scicast.org/2014/07/09/new-features-recurring-forecasts-and-crowdsourced-spam-protection/"">Read more on our blog.</a></span>",52:21.3,19:27.7
10,Recommender Survey+Incentive,banner_logged_in_top,Recommender Survey +Incentive,1,FALSE,"<style>
.banner {
background: #e1ba38;
padding: 10px 50px 10px 10px;
font-size: 16px;
line-height: 16px
}
</style>
<div style = ""font-size: 20px; line-height: 1.2em"">Take one minute to answer a <a href=""https://www.surveymonkey.com/r/SciCastRecommender"">three question survey</a> about our question recommender for a chance to win a $100 Amazon Gift Card! <a href=""http://blog.scicast.org/2015/03/02/help-us-improve-the-recommender/"">Learn more.</a>",42:45.3,24:17.2
11,Surveys,banner_logged_in_top,Surveys,1,FALSE,"Complete the latest surveys and win! We'll be conducting <a href=""http://blog.scicast.org/2015/03/31/researchsurveys/"">random drawings</a> for $1,000 worth in prizes. Previous completions count. Surveys are located <a href=""https://scicast.org/#!/my_dashboard/settings"">in your dashboard.</a></p>",27:12.2,01:03.2
7,Training,banner_logged_in_top,Training Courses,1,FALSE,"If you're ready to take your forecasting to the next level, we’re here to help with training. Get started with the course <a href=""http://blog.scicast.org/courses/home/"">Understanding SciCast.</a><p>The first 180 people to score perfect quizzes <a href=""http://blog.scicast.org/2014/12/16/introducing-scicast-courses/"">win Amazon Gift Cards</a>.</p>",16:04.6,57:39.2
6,Accuracy Incentives,banner_logged_in_top,NULL,1,FALSE,"<style>
.banner {
background: #253f72 url(""https://s3.amazonaws.com/scicast_public/scicast_giftcard_banner.png"") top left;
padding: 10px 50px 10px 10px;
font-size: 18px
line-height: 22px
}
</style>
Can you be the most accurate forecaster on SciCast? Watch for the questions with gold icons <img src = ""/public/images/au.png""> or select the ""Prize-Eligible"" topics when searching questions and win Amazon.com Gift Cards. <a href = ""http://blog.scicast.org/2014/11/04/scicast-recruitment/"">Read more here.</a><span style = ""font-size: 14px; color: #bbb""> &nbsp; Also read our new <a href = ""/#!/terms"">terms of use</a></span>",45:11.6,06:57.7
9,Recommender Survey,banner_logged_in_top,Recommender survey,1,FALSE,"<style>
.banner {
background: #e1ba38;
padding: 10px 50px 10px 10px;
font-size: 16px;
line-height: 16px
}
</style>
<div style = ""font-size: 20px; line-height: 1.2em"">Are our question recommendations on target? Help us make better  recommendations for <em>you</em>. Share your thoughts in our <a href=""https://www.surveymonkey.com/r/SciCastRecommender"">brief three question survey</a>.",06:43.3,19:32.2
12,Combo Edits Contest,banner_logged_in_top,Combo Edits Contest,1,FALSE,"<style>
.banner {
background: #253f72 url(""https://s3.amazonaws.com/scicast_public/scicast_giftcard_banner.png"") top left;
padding: 10px 50px 10px 10px;
font-size: 18px
line-height: 22px
}
</style>COMPETE FOR BIG PRIZES! We're giving away $16,000 in prizes for conditional forecasts. <a href = ""http://wp.me/p5Fn6l-zM"">Read more.</a><span style = ""font-size: 14px; color: #bbb""> &nbsp; <a href = ""/#!/terms"">terms of use</a></span>",49:26.6,16:50.8
13,Webinar,banner_logged_in_top,Webinar,1,FALSE,"SciCast, Cybersecurity Markets, and the Near & Far Future of AI, a free webinar this Thursday, May 7. Don't miss this opportunity to ask questions and interact with the team!

<div class = ""webinar"" >
		<a class = ""btn yellowish"" href = ""http://bit.ly/1DZbhkw"">REGISTER NOW </a>
		
		</div>
	</div>",45:42.2,38:59.5
14,SciCast Summer Break,banner_logged_in_top,SciCast Summer Break,1,TRUE,"<style>
.banner {
background: #e1ba38;
padding: 10px 50px 10px 10px;
font-size: 16px;
line-height: 16px
}
</style>
<div style = ""font-size: 20px; line-height: 1.2em"">So Long, and Thanks for All the Fish!<br>
<strong>SciCast Summer Break Begins 4pm ET, 12-June</strong> <a href=""http://blog.scicast.org/2015/06/08/so-long-and-thanks-for-all-the-fish/"">Read More</a>",35:33.1,27:38.4
