id,name,desc,created_at,updated_at,image_uri,is_topic,is_selectable,alt_image_uri
14,Transportation,NULL,38:23.7,38:23.7,https://s3.amazonaws.com/SciCast/transportation.png,TRUE,NULL,NULL
15,Study 2.1,SciCast Study 2.1 compares scicast to quantitative models.,12:57.5,12:57.5,NULL,FALSE,TRUE,NULL
16,GWU-EMSE-6030,For students in Prof. Ryan's 2014 course,45:24.5,45:24.5,NULL,FALSE,TRUE,NULL
17,SciCast,Questions about SciCast itself.,45:03.2,45:03.2,NULL,FALSE,FALSE,NULL
19,Prize-Eligible Nov & Jan,Scores on trades from Nov 7 thru Dec 6 contribute to ranking for top prizes.,25:06.6,35:39.8,NULL,FALSE,FALSE,NULL
20,Prize-Eligible Dec & Feb,Scores on trades from Dec 7 thru Jan 6 contribute to ranking for top prizes.,20:05.0,52:00.1,NULL,FALSE,FALSE,NULL
13,Business of Science,NULL,38:10.1,11:40.8,https://s3.amazonaws.com/SciCast/business.png,TRUE,TRUE,NULL
21,New Prize-Eligible Feb,New questions for Feb,25:54.4,25:54.4,NULL,TRUE,TRUE,NULL
1,Global Change,NULL,28:51.6,28:51.6,https://s3.amazonaws.com/SciCast/globalchange.png,TRUE,NULL,NULL
2,Physics,NULL,29:01.5,29:01.5,https://s3.amazonaws.com/SciCast/physics.png,TRUE,NULL,NULL
3,Chemistry,NULL,29:12.7,29:12.7,https://s3.amazonaws.com/SciCast/chemistry.png,TRUE,NULL,NULL
4,Computational Sciences,NULL,32:17.0,32:17.0,https://s3.amazonaws.com/SciCast/computationalsciences.png,TRUE,NULL,NULL
5,Information Systems,NULL,32:28.5,32:28.5,https://s3.amazonaws.com/SciCast/informationsystems.png,TRUE,NULL,NULL
6,Agriculture,NULL,32:40.4,32:40.4,https://s3.amazonaws.com/SciCast/agriculture.png,TRUE,NULL,NULL
7,Biology & Medicine,NULL,32:55.4,32:55.4,https://s3.amazonaws.com/SciCast/biology.png,TRUE,NULL,NULL
8,Engineered Technologies,NULL,33:08.1,33:08.1,https://s3.amazonaws.com/SciCast/engineeringsciences.png,TRUE,NULL,NULL
9,Mathematics,NULL,36:28.6,36:28.6,https://s3.amazonaws.com/SciCast/mathematics.png,TRUE,NULL,NULL
10,Energy,NULL,37:29.6,37:29.6,https://s3.amazonaws.com/SciCast/energy.png,TRUE,NULL,NULL
11,Social Sciences,NULL,37:40.3,37:40.3,https://s3.amazonaws.com/SciCast/socialsciences.png,TRUE,NULL,NULL
12,Space Sciences,NULL,37:49.6,37:49.6,https://s3.amazonaws.com/SciCast/spacesciences.png,TRUE,NULL,NULL
18,IEEE Spectrum,NULL,48:01.5,58:09.0,https://scicast_public.s3.amazonaws.com/cat_ieee.png,TRUE,FALSE,NULL
22,Combo Edits Contest,short-term experiment from APR 23 to MAY 22,39:34.7,11:27.4,NULL,FALSE,FALSE,/public/images/au.png
