id,source_question_id,destination_question_id,created_at,kind,updated_at,created_by
1,40,39,12:34.3,assumptive_dependency,12:34.3,NULL
2,42,39,13:15.2,assumptive_dependency,13:15.2,NULL
3,41,42,13:51.2,assumptive_dependency,13:51.2,NULL
4,53,39,14:20.3,assumptive_dependency,14:20.3,NULL
5,54,40,14:46.1,assumptive_dependency,14:46.1,NULL
6,55,41,15:24.7,assumptive_dependency,15:24.7,NULL
7,43,39,20:31.5,assumptive_dependency,20:31.5,NULL
8,45,41,21:00.2,assumptive_dependency,21:00.2,NULL
9,44,43,22:45.3,assumptive_dependency,22:45.3,NULL
10,44,40,22:45.3,assumptive_dependency,22:45.3,NULL
11,46,42,23:37.1,assumptive_dependency,23:37.1,NULL
12,46,43,23:37.1,assumptive_dependency,23:37.1,NULL
13,45,46,23:55.7,assumptive_dependency,23:55.7,NULL
14,61,20,51:40.0,assumptive_dependency,51:40.0,NULL
15,20,22,52:39.8,assumptive_dependency,52:39.8,NULL
16,19,22,53:11.4,assumptive_dependency,53:11.4,NULL
17,19,52,53:11.4,assumptive_dependency,53:11.4,NULL
18,52,51,53:32.1,assumptive_dependency,53:32.1,NULL
19,71,28,08:40.9,assumptive_dependency,08:40.9,NULL
20,78,77,21:04.1,assumptive_dependency,21:04.1,NULL
21,80,74,13:40.8,assumptive_dependency,13:40.8,NULL
22,81,74,24:56.9,assumptive_dependency,24:56.9,NULL
23,82,74,31:00.1,assumptive_dependency,31:00.1,NULL
24,83,74,35:45.8,assumptive_dependency,35:45.8,NULL
25,86,75,02:05.4,assumptive_dependency,02:05.4,NULL
26,87,75,03:58.3,assumptive_dependency,03:58.3,NULL
27,88,75,06:18.0,assumptive_dependency,06:18.0,NULL
28,89,75,07:54.9,assumptive_dependency,07:54.9,NULL
29,109,104,19:30.5,assumptive_dependency,19:30.5,NULL
30,110,104,18:45.6,assumptive_dependency,18:45.6,NULL
31,111,104,28:09.3,assumptive_dependency,28:09.3,NULL
32,112,104,38:12.0,assumptive_dependency,38:12.0,NULL
33,113,104,49:31.9,assumptive_dependency,49:31.9,NULL
34,114,104,56:16.9,assumptive_dependency,56:16.9,NULL
35,115,104,07:34.7,assumptive_dependency,07:34.7,NULL
36,116,104,15:13.2,assumptive_dependency,15:13.2,NULL
37,117,104,24:21.3,assumptive_dependency,24:21.3,NULL
38,118,104,27:45.7,assumptive_dependency,27:45.7,NULL
39,119,104,31:36.2,assumptive_dependency,31:36.2,NULL
40,120,104,36:32.2,assumptive_dependency,36:32.2,NULL
41,121,104,39:41.0,assumptive_dependency,39:41.0,NULL
42,122,104,45:07.2,assumptive_dependency,45:07.2,NULL
43,122,121,06:42.9,assumptive_dependency,06:42.9,NULL
44,116,115,07:12.3,assumptive_dependency,07:12.3,NULL
45,120,119,07:41.4,assumptive_dependency,07:41.4,NULL
46,110,109,08:07.5,assumptive_dependency,08:07.5,NULL
47,114,113,08:27.5,assumptive_dependency,08:27.5,NULL
48,118,117,08:59.3,assumptive_dependency,08:59.3,NULL
49,112,111,09:43.0,assumptive_dependency,09:43.0,NULL
50,128,126,05:50.1,assumptive_dependency,05:50.1,NULL
51,124,128,06:32.3,assumptive_dependency,06:32.3,NULL
52,153,143,38:20.3,assumptive_dependency,38:20.3,NULL
53,85,37,19:58.7,assumptive_dependency,19:58.7,NULL
54,85,38,19:58.7,assumptive_dependency,19:58.7,NULL
55,9,10,20:51.1,assumptive_dependency,20:51.1,NULL
56,13,9,22:21.2,assumptive_dependency,22:21.2,NULL
57,138,129,23:11.8,assumptive_dependency,23:11.8,NULL
58,137,129,23:36.9,assumptive_dependency,23:36.9,NULL
59,137,138,23:36.9,assumptive_dependency,23:36.9,NULL
60,152,144,23:53.6,assumptive_dependency,23:53.6,NULL
61,90,152,24:26.9,assumptive_dependency,24:26.9,NULL
62,90,142,24:26.9,assumptive_dependency,24:26.9,NULL
63,148,150,25:31.9,assumptive_dependency,25:31.9,NULL
64,18,17,26:30.2,assumptive_dependency,26:30.2,NULL
65,132,133,26:56.2,assumptive_dependency,26:56.2,NULL
66,134,132,27:13.3,assumptive_dependency,27:13.3,NULL
67,102,157,35:00.9,assumptive_dependency,35:00.9,NULL
68,103,102,35:17.5,assumptive_dependency,35:17.5,NULL
69,155,103,35:47.6,assumptive_dependency,35:47.6,NULL
70,155,157,36:26.1,assumptive_dependency,36:26.1,NULL
71,178,177,16:42.8,assumptive_dependency,16:42.8,NULL
72,177,73,17:01.6,assumptive_dependency,17:01.6,NULL
73,176,175,18:55.2,assumptive_dependency,18:55.2,NULL
74,175,72,19:34.4,assumptive_dependency,19:34.4,NULL
75,72,42,35:34.0,assumptive_dependency,35:34.0,NULL
76,73,42,36:05.5,assumptive_dependency,36:05.5,NULL
77,176,57,42:46.9,assumptive_dependency,42:46.9,NULL
78,178,57,43:32.4,assumptive_dependency,43:32.4,NULL
79,175,46,45:26.2,assumptive_dependency,45:26.2,NULL
80,177,46,45:50.7,assumptive_dependency,45:50.7,NULL
81,30,71,39:12.3,assumptive_dependency,39:12.3,NULL
82,212,211,24:47.1,assumptive_dependency,24:47.1,NULL
83,257,211,25:14.6,assumptive_dependency,25:14.6,NULL
84,240,238,38:08.9,assumptive_dependency,38:08.9,NULL
85,187,240,40:07.1,assumptive_dependency,40:07.1,NULL
86,187,236,40:07.1,assumptive_dependency,40:07.1,NULL
87,236,238,42:29.0,assumptive_dependency,42:29.0,NULL
88,242,240,44:06.7,assumptive_dependency,44:06.7,NULL
89,242,244,44:06.7,assumptive_dependency,44:06.7,NULL
90,242,187,44:06.7,assumptive_dependency,44:06.7,NULL
91,244,238,44:56.6,assumptive_dependency,44:56.6,NULL
92,244,236,44:56.6,assumptive_dependency,44:56.6,NULL
93,263,242,46:34.9,assumptive_dependency,46:34.9,NULL
94,289,263,47:04.3,assumptive_dependency,47:04.3,NULL
95,239,237,37:50.3,assumptive_dependency,37:50.3,NULL
96,186,239,39:10.1,assumptive_dependency,39:10.1,NULL
97,186,235,39:10.2,assumptive_dependency,39:10.2,NULL
98,235,237,39:55.1,assumptive_dependency,39:55.1,NULL
100,241,243,40:48.6,assumptive_dependency,40:48.6,NULL
102,243,237,41:29.7,assumptive_dependency,41:29.7,NULL
107,266,280,43:36.8,assumptive_dependency,43:36.8,NULL
109,267,281,44:06.3,assumptive_dependency,44:06.3,NULL
99,241,239,40:48.6,assumptive_dependency,40:48.6,NULL
101,241,186,40:48.6,assumptive_dependency,40:48.6,NULL
103,243,235,41:29.7,assumptive_dependency,41:29.7,NULL
104,262,241,42:12.5,assumptive_dependency,42:12.5,NULL
105,288,262,42:50.5,assumptive_dependency,42:50.5,NULL
106,266,258,43:36.8,assumptive_dependency,43:36.8,NULL
108,267,259,44:06.2,assumptive_dependency,44:06.2,NULL
110,258,278,44:25.5,assumptive_dependency,44:25.5,NULL
111,259,279,44:41.9,assumptive_dependency,44:41.9,NULL
112,251,249,45:05.7,assumptive_dependency,45:05.7,NULL
113,252,250,45:22.0,assumptive_dependency,45:22.0,NULL
114,218,249,45:43.8,assumptive_dependency,45:43.8,NULL
115,218,221,45:43.8,assumptive_dependency,45:43.8,NULL
116,219,250,46:10.0,assumptive_dependency,46:10.0,NULL
117,219,222,46:10.0,assumptive_dependency,46:10.0,NULL
118,221,249,46:30.4,assumptive_dependency,46:30.4,NULL
119,260,264,47:24.9,assumptive_dependency,47:24.9,NULL
120,261,265,47:44.3,assumptive_dependency,47:44.3,NULL
121,245,247,48:03.2,assumptive_dependency,48:03.2,NULL
122,246,248,48:19.6,assumptive_dependency,48:19.6,NULL
123,280,251,48:47.2,assumptive_dependency,48:47.2,NULL
124,280,276,48:47.2,assumptive_dependency,48:47.2,NULL
125,280,278,48:47.2,assumptive_dependency,48:47.2,NULL
126,281,252,49:11.8,assumptive_dependency,49:11.8,NULL
127,281,277,49:11.8,assumptive_dependency,49:11.8,NULL
128,281,279,49:11.8,assumptive_dependency,49:11.8,NULL
129,278,249,49:32.9,assumptive_dependency,49:32.9,NULL
130,278,272,49:32.9,assumptive_dependency,49:32.9,NULL
131,279,250,49:54.7,assumptive_dependency,49:54.7,NULL
132,279,273,49:54.7,assumptive_dependency,49:54.7,NULL
133,276,272,50:24.5,assumptive_dependency,50:24.5,NULL
134,276,268,50:24.5,assumptive_dependency,50:24.5,NULL
135,276,274,50:24.5,assumptive_dependency,50:24.5,NULL
136,277,273,50:49.2,assumptive_dependency,50:49.2,NULL
137,277,269,50:49.2,assumptive_dependency,50:49.2,NULL
138,277,275,50:49.2,assumptive_dependency,50:49.2,NULL
139,272,233,51:18.6,assumptive_dependency,51:18.6,NULL
140,272,270,51:18.6,assumptive_dependency,51:18.6,NULL
141,273,234,51:44.2,assumptive_dependency,51:44.2,NULL
142,273,271,51:44.2,assumptive_dependency,51:44.2,NULL
143,268,233,52:06.1,assumptive_dependency,52:06.1,NULL
144,269,234,52:21.6,assumptive_dependency,52:21.6,NULL
145,274,270,52:40.6,assumptive_dependency,52:40.6,NULL
146,275,271,52:57.1,assumptive_dependency,52:57.1,NULL
147,214,296,53:19.0,assumptive_dependency,53:19.0,NULL
148,215,297,53:34.0,assumptive_dependency,53:34.0,NULL
149,290,296,53:50.9,assumptive_dependency,53:50.9,NULL
150,291,297,54:06.9,assumptive_dependency,54:06.9,NULL
151,300,296,54:29.8,assumptive_dependency,54:29.8,NULL
152,300,294,54:29.8,assumptive_dependency,54:29.8,NULL
153,301,297,54:51.0,assumptive_dependency,54:51.0,NULL
154,301,295,54:51.0,assumptive_dependency,54:51.0,NULL
155,298,296,55:15.2,assumptive_dependency,55:15.2,NULL
156,298,294,55:15.2,assumptive_dependency,55:15.2,NULL
157,299,297,55:35.4,assumptive_dependency,55:35.4,NULL
158,299,295,55:35.4,assumptive_dependency,55:35.4,NULL
159,294,292,55:49.4,assumptive_dependency,55:49.4,NULL
160,295,293,56:01.8,assumptive_dependency,56:01.8,NULL
161,303,61,34:59.4,assumptive_dependency,34:59.4,NULL
162,305,22,40:17.3,assumptive_dependency,40:17.3,NULL
163,306,305,45:51.5,assumptive_dependency,45:51.5,NULL
164,4,2,59:36.3,assumptive_dependency,59:36.3,NULL
165,95,4,01:14.6,assumptive_dependency,01:14.6,NULL
166,211,307,52:03.7,assumptive_dependency,52:03.7,NULL
167,212,307,52:34.6,assumptive_dependency,52:34.6,NULL
168,257,307,53:02.7,assumptive_dependency,53:02.7,NULL
170,283,282,43:50.9,assumptive_dependency,43:50.9,NULL
171,283,284,43:50.9,assumptive_dependency,43:50.9,NULL
172,285,284,44:18.0,assumptive_dependency,44:18.0,NULL
173,285,286,44:18.0,assumptive_dependency,44:18.0,NULL
174,284,282,45:15.6,assumptive_dependency,45:15.6,NULL
175,2,37,37:07.6,assumptive_dependency,37:07.6,NULL
176,4,211,38:02.7,assumptive_dependency,38:02.7,NULL
177,95,2,38:51.9,assumptive_dependency,38:51.9,NULL
178,6,93,17:58.8,assumptive_dependency,17:58.8,NULL
179,95,96,18:25.3,assumptive_dependency,18:25.3,NULL
180,95,97,18:25.4,assumptive_dependency,18:25.4,NULL
181,3,6,19:04.6,assumptive_dependency,19:04.6,NULL
182,97,98,29:03.8,assumptive_dependency,29:03.8,NULL
183,93,98,32:17.4,assumptive_dependency,32:17.4,NULL
184,3,97,42:54.5,assumptive_dependency,42:54.5,NULL
185,310,312,20:54.4,assumptive_dependency,20:54.4,NULL
186,311,310,21:47.7,assumptive_dependency,21:47.7,NULL
187,311,312,21:47.7,assumptive_dependency,21:47.7,NULL
188,315,312,22:48.3,assumptive_dependency,22:48.3,NULL
189,316,318,24:08.1,assumptive_dependency,24:08.1,NULL
190,314,313,25:09.5,assumptive_dependency,25:09.5,NULL
191,314,316,25:09.5,assumptive_dependency,25:09.5,NULL
192,157,341,24:09.2,assumptive_dependency,24:09.2,NULL
193,338,341,24:38.7,assumptive_dependency,24:38.7,NULL
194,340,341,25:20.0,assumptive_dependency,25:20.0,NULL
195,339,340,25:49.8,assumptive_dependency,25:49.8,NULL
196,339,341,25:49.8,assumptive_dependency,25:49.8,NULL
197,342,353,40:23.5,assumptive_dependency,40:23.5,NULL
198,341,342,40:46.0,assumptive_dependency,40:46.0,NULL
199,337,341,41:09.9,assumptive_dependency,41:09.9,NULL
200,324,325,41:45.6,assumptive_dependency,41:45.6,NULL
201,155,341,43:02.1,assumptive_dependency,43:02.1,NULL
202,364,365,24:39.0,assumptive_dependency,24:39.0,NULL
203,366,365,47:47.9,assumptive_dependency,47:47.9,NULL
204,383,364,16:37.1,assumptive_dependency,16:37.1,NULL
205,383,365,16:37.1,assumptive_dependency,16:37.1,NULL
206,184,180,49:41.4,assumptive_dependency,49:41.4,NULL
207,24,8,35:48.1,assumptive_dependency,35:48.1,NULL
208,169,168,32:11.4,assumptive_dependency,32:11.4,NULL
209,373,375,17:37.2,assumptive_dependency,17:37.2,NULL
210,400,399,18:23.0,assumptive_dependency,18:23.0,NULL
211,401,399,18:46.2,assumptive_dependency,18:46.2,NULL
212,394,96,19:36.0,assumptive_dependency,19:36.0,NULL
213,393,96,19:58.6,assumptive_dependency,19:58.6,NULL
214,128,434,11:14.9,assumptive_dependency,11:14.9,NULL
215,546,335,30:44.1,assumptive_dependency,30:44.1,NULL
216,334,335,31:03.1,assumptive_dependency,31:03.1,NULL
217,543,335,32:23.0,assumptive_dependency,32:23.0,NULL
218,545,335,32:59.8,assumptive_dependency,32:59.8,NULL
220,542,335,35:29.9,assumptive_dependency,35:29.9,NULL
221,544,335,37:29.2,assumptive_dependency,37:29.2,NULL
222,457,546,41:51.3,assumptive_dependency,41:51.3,NULL
223,471,546,43:19.5,assumptive_dependency,43:19.5,NULL
224,519,546,44:06.4,assumptive_dependency,44:06.4,NULL
225,487,546,44:27.2,assumptive_dependency,44:27.2,NULL
226,488,546,45:49.9,assumptive_dependency,45:49.9,NULL
227,494,546,46:17.8,assumptive_dependency,46:17.8,NULL
228,513,546,46:35.8,assumptive_dependency,46:35.8,NULL
229,526,546,47:19.3,assumptive_dependency,47:19.3,NULL
230,517,546,47:39.8,assumptive_dependency,47:39.8,NULL
231,476,545,48:12.9,assumptive_dependency,48:12.9,NULL
232,479,545,48:26.2,assumptive_dependency,48:26.2,NULL
233,480,545,49:09.1,assumptive_dependency,49:09.1,NULL
234,481,545,49:21.8,assumptive_dependency,49:21.8,NULL
235,486,545,49:38.3,assumptive_dependency,49:38.3,NULL
236,490,545,50:22.2,assumptive_dependency,50:22.2,NULL
237,492,545,50:53.5,assumptive_dependency,50:53.5,NULL
238,495,545,51:28.7,assumptive_dependency,51:28.7,NULL
239,497,545,51:50.1,assumptive_dependency,51:50.1,NULL
240,504,545,52:14.8,assumptive_dependency,52:14.8,NULL
241,512,545,52:36.9,assumptive_dependency,52:36.9,NULL
242,518,545,52:49.0,assumptive_dependency,52:49.0,NULL
243,524,545,53:13.4,assumptive_dependency,53:13.4,NULL
244,458,544,57:50.4,assumptive_dependency,57:50.4,NULL
245,470,544,58:40.0,assumptive_dependency,58:40.0,NULL
246,472,544,59:36.9,assumptive_dependency,59:36.9,NULL
247,473,544,00:08.0,assumptive_dependency,00:08.0,NULL
248,477,544,00:30.2,assumptive_dependency,00:30.2,NULL
249,499,544,01:02.6,assumptive_dependency,01:02.6,NULL
250,502,544,01:26.3,assumptive_dependency,01:26.3,NULL
251,520,544,01:40.1,assumptive_dependency,01:40.1,NULL
252,522,544,02:06.4,assumptive_dependency,02:06.4,NULL
253,528,544,02:19.8,assumptive_dependency,02:19.8,NULL
255,475,543,03:51.3,assumptive_dependency,03:51.3,NULL
256,489,543,05:55.8,assumptive_dependency,05:55.8,NULL
257,493,543,06:17.2,assumptive_dependency,06:17.2,NULL
258,498,543,06:49.8,assumptive_dependency,06:49.8,NULL
259,500,543,07:18.7,assumptive_dependency,07:18.7,NULL
260,501,543,07:33.2,assumptive_dependency,07:33.2,NULL
261,503,543,07:55.2,assumptive_dependency,07:55.2,NULL
262,505,543,08:11.8,assumptive_dependency,08:11.8,NULL
263,514,543,08:57.1,assumptive_dependency,08:57.1,NULL
264,515,543,09:17.7,assumptive_dependency,09:17.7,NULL
265,525,543,09:49.6,assumptive_dependency,09:49.6,NULL
266,527,543,10:02.3,assumptive_dependency,10:02.3,NULL
267,485,542,10:32.7,assumptive_dependency,10:32.7,NULL
268,474,542,11:53.1,assumptive_dependency,11:53.1,NULL
269,478,542,12:25.0,assumptive_dependency,12:25.0,NULL
270,482,542,12:44.8,assumptive_dependency,12:44.8,NULL
271,491,542,13:07.0,assumptive_dependency,13:07.0,NULL
272,516,542,13:37.8,assumptive_dependency,13:37.8,NULL
273,523,542,13:54.2,assumptive_dependency,13:54.2,NULL
274,521,335,16:46.6,assumptive_dependency,16:46.6,NULL
275,569,617,41:10.8,assumptive_dependency,41:10.8,NULL
276,570,617,41:11.3,assumptive_dependency,41:11.3,NULL
277,571,617,41:11.6,assumptive_dependency,41:11.6,NULL
278,572,617,41:11.9,assumptive_dependency,41:11.9,NULL
279,573,617,41:12.2,assumptive_dependency,41:12.2,NULL
280,574,617,41:12.4,assumptive_dependency,41:12.4,NULL
281,575,617,41:12.7,assumptive_dependency,41:12.7,NULL
282,591,617,41:13.0,assumptive_dependency,41:13.0,NULL
283,592,617,41:13.3,assumptive_dependency,41:13.3,NULL
284,594,617,41:13.6,assumptive_dependency,41:13.6,NULL
285,595,617,41:13.8,assumptive_dependency,41:13.8,NULL
286,597,617,41:14.1,assumptive_dependency,41:14.1,NULL
287,599,617,41:14.4,assumptive_dependency,41:14.4,NULL
288,600,617,41:14.7,assumptive_dependency,41:14.7,NULL
289,601,617,41:14.9,assumptive_dependency,41:14.9,NULL
290,602,617,41:15.2,assumptive_dependency,41:15.2,NULL
291,603,617,41:15.5,assumptive_dependency,41:15.5,NULL
292,604,617,41:15.8,assumptive_dependency,41:15.8,NULL
293,605,617,41:16.0,assumptive_dependency,41:16.0,NULL
294,606,617,41:16.3,assumptive_dependency,41:16.3,NULL
315,389,586,32:42.1,assumptive_dependency,32:42.1,NULL
316,389,615,32:42.1,assumptive_dependency,32:42.1,NULL
317,406,387,46:41.8,assumptive_dependency,46:41.8,NULL
318,171,170,47:20.2,assumptive_dependency,47:20.2,NULL
319,431,395,47:38.9,assumptive_dependency,47:38.9,NULL
320,386,374,47:57.2,assumptive_dependency,47:57.2,NULL
321,410,375,48:46.7,assumptive_dependency,48:46.7,NULL
322,408,410,49:23.7,assumptive_dependency,49:23.7,NULL
323,374,410,49:55.1,assumptive_dependency,49:55.1,NULL
324,372,410,50:15.7,assumptive_dependency,50:15.7,NULL
325,399,398,06:20.4,assumptive_dependency,06:20.4,NULL
326,398,535,07:07.2,assumptive_dependency,07:07.2,NULL
327,560,559,08:13.2,assumptive_dependency,08:13.2,NULL
328,401,607,08:57.7,assumptive_dependency,08:57.7,NULL
329,400,607,09:33.5,assumptive_dependency,09:33.5,NULL
330,727,726,37:40.5,assumptive_dependency,37:40.5,NULL
331,726,365,38:39.8,assumptive_dependency,38:39.8,NULL
332,330,354,10:56.0,assumptive_dependency,10:56.0,NULL
333,727,735,30:13.8,assumptive_dependency,30:13.8,NULL
334,741,697,16:59.2,assumptive_dependency,16:59.2,NULL
335,355,358,18:49.7,assumptive_dependency,18:49.7,NULL
336,127,143,06:14.1,assumptive_dependency,06:14.1,NULL
337,326,321,38:10.3,assumptive_dependency,38:10.3,NULL
338,687,401,41:10.6,assumptive_dependency,41:10.6,NULL
339,729,338,42:57.1,assumptive_dependency,42:57.1,NULL
340,729,341,42:57.1,assumptive_dependency,42:57.1,NULL
341,729,342,46:06.7,assumptive_dependency,46:06.7,NULL
342,377,127,47:01.8,assumptive_dependency,47:01.8,NULL
343,738,747,49:05.0,assumptive_dependency,49:05.0,NULL
344,164,74,10:40.1,assumptive_dependency,10:40.1,NULL
345,764,767,50:48.3,assumptive_dependency,50:48.3,NULL
346,765,767,51:47.7,assumptive_dependency,51:47.7,NULL
347,766,767,52:34.3,assumptive_dependency,52:34.3,NULL
348,768,764,55:22.2,assumptive_dependency,55:22.2,NULL
349,769,766,56:33.3,assumptive_dependency,56:33.3,NULL
350,770,765,57:08.2,assumptive_dependency,57:08.2,NULL
351,772,768,58:13.3,assumptive_dependency,58:13.3,NULL
352,772,769,58:13.4,assumptive_dependency,58:13.4,NULL
353,772,770,58:13.4,assumptive_dependency,58:13.4,NULL
354,771,768,59:57.5,assumptive_dependency,59:57.5,NULL
355,771,769,59:57.6,assumptive_dependency,59:57.6,NULL
356,771,770,59:57.6,assumptive_dependency,59:57.6,NULL
357,771,764,59:57.6,assumptive_dependency,59:57.6,NULL
358,771,765,59:57.6,assumptive_dependency,59:57.6,NULL
359,771,766,59:57.6,assumptive_dependency,59:57.6,NULL
360,822,399,54:49.2,assumptive_dependency,54:49.2,NULL
361,772,132,07:01.7,assumptive_dependency,07:01.7,NULL
362,555,554,56:22.6,assumptive_dependency,56:22.6,NULL
363,748,344,57:06.3,assumptive_dependency,57:06.3,NULL
364,836,834,15:26.0,assumptive_dependency,15:26.0,NULL
365,374,834,17:07.9,assumptive_dependency,17:07.9,NULL
366,374,835,17:08.3,assumptive_dependency,17:08.3,NULL
367,386,835,17:39.5,assumptive_dependency,17:39.5,NULL
368,386,836,17:39.8,assumptive_dependency,17:39.8,NULL
369,410,836,17:53.1,assumptive_dependency,17:53.1,NULL
370,372,836,18:31.7,assumptive_dependency,18:31.7,NULL
371,556,814,23:08.2,assumptive_dependency,23:08.2,NULL
372,556,815,23:08.2,assumptive_dependency,23:08.2,NULL
373,815,814,23:36.3,assumptive_dependency,23:36.3,NULL
374,803,801,03:38.7,assumptive_dependency,03:38.7,NULL
375,803,802,03:38.7,assumptive_dependency,03:38.7,NULL
376,806,805,17:09.6,assumptive_dependency,17:09.6,NULL
377,773,697,54:04.3,assumptive_dependency,54:04.3,NULL
378,697,696,54:59.8,assumptive_dependency,54:59.8,NULL
379,638,696,56:35.4,assumptive_dependency,56:35.4,NULL
380,839,838,21:12.3,assumptive_dependency,21:12.3,NULL
381,566,217,10:00.9,assumptive_dependency,10:00.9,NULL
382,757,749,12:00.5,assumptive_dependency,12:00.5,NULL
383,75,74,19:22.8,assumptive_dependency,19:22.8,NULL
384,32,27,30:07.4,assumptive_dependency,30:07.4,NULL
385,317,853,09:05.3,assumptive_dependency,09:05.3,NULL
386,697,910,53:11.1,assumptive_dependency,53:11.1,NULL
387,697,905,25:09.1,assumptive_dependency,25:09.1,NULL
388,697,924,05:46.7,assumptive_dependency,05:46.7,NULL
389,726,930,09:52.2,assumptive_dependency,09:52.2,NULL
390,727,930,10:20.0,assumptive_dependency,10:20.0,NULL
391,926,927,07:11.2,assumptive_dependency,07:11.2,NULL
392,927,925,07:43.1,assumptive_dependency,07:43.1,NULL
393,942,943,08:29.0,assumptive_dependency,08:29.0,NULL
394,943,940,09:07.8,assumptive_dependency,09:07.8,NULL
395,949,948,50:43.4,assumptive_dependency,50:43.4,NULL
396,948,947,51:09.5,assumptive_dependency,51:09.5,NULL
397,954,953,58:12.5,assumptive_dependency,58:12.5,NULL
398,953,952,58:39.3,assumptive_dependency,58:39.3,NULL
399,959,958,59:21.3,assumptive_dependency,59:21.3,NULL
400,958,957,59:50.3,assumptive_dependency,59:50.3,NULL
401,964,963,01:22.3,assumptive_dependency,01:22.3,NULL
402,969,968,01:36.1,assumptive_dependency,01:36.1,NULL
403,963,962,02:16.9,assumptive_dependency,02:16.9,NULL
404,968,967,02:28.1,assumptive_dependency,02:28.1,NULL
405,974,973,04:56.2,assumptive_dependency,04:56.2,NULL
406,979,978,05:08.6,assumptive_dependency,05:08.6,NULL
407,984,983,05:19.4,assumptive_dependency,05:19.4,NULL
408,973,972,05:59.8,assumptive_dependency,05:59.8,NULL
409,978,977,06:11.1,assumptive_dependency,06:11.1,NULL
410,983,982,06:22.9,assumptive_dependency,06:22.9,NULL
411,989,988,06:47.9,assumptive_dependency,06:47.9,NULL
412,988,987,07:10.6,assumptive_dependency,07:10.6,NULL
413,1007,942,24:12.6,assumptive_dependency,24:12.6,NULL
414,1008,949,28:21.4,assumptive_dependency,28:21.4,NULL
416,1010,959,29:55.8,assumptive_dependency,29:55.8,NULL
425,951,948,44:41.3,assumptive_dependency,44:41.3,NULL
428,966,963,48:24.5,assumptive_dependency,48:24.5,NULL
431,981,978,03:20.5,assumptive_dependency,03:20.5,NULL
415,1009,954,28:58.6,assumptive_dependency,28:58.6,NULL
417,1011,964,30:38.9,assumptive_dependency,30:38.9,NULL
422,1016,989,36:37.0,assumptive_dependency,36:37.0,NULL
430,975,973,02:50.7,assumptive_dependency,02:50.7,NULL
432,986,983,04:28.3,assumptive_dependency,04:28.3,NULL
433,991,988,05:15.6,assumptive_dependency,05:15.6,NULL
434,928,927,05:45.3,assumptive_dependency,05:45.3,NULL
418,1012,969,32:35.8,assumptive_dependency,32:35.8,NULL
419,1013,974,34:28.9,assumptive_dependency,34:28.9,NULL
420,1014,979,35:11.3,assumptive_dependency,35:11.3,NULL
421,1015,984,36:06.4,assumptive_dependency,36:06.4,NULL
423,929,926,37:56.4,assumptive_dependency,37:56.4,NULL
424,944,943,41:53.5,assumptive_dependency,41:53.5,NULL
426,956,953,45:28.4,assumptive_dependency,45:28.4,NULL
427,961,958,46:32.9,assumptive_dependency,46:32.9,NULL
429,971,968,49:45.3,assumptive_dependency,49:45.3,NULL
435,1022,1023,37:06.7,assumptive_dependency,37:06.7,NULL
436,1023,556,37:32.3,assumptive_dependency,37:32.3,NULL
437,1023,867,37:50.8,assumptive_dependency,37:50.8,NULL
438,1026,1023,38:18.0,assumptive_dependency,38:18.0,NULL
439,944,928,34:51.1,assumptive_dependency,34:51.1,NULL
440,951,928,35:17.9,assumptive_dependency,35:17.9,NULL
441,956,928,35:49.3,assumptive_dependency,35:49.3,NULL
442,961,928,36:19.0,assumptive_dependency,36:19.0,NULL
443,966,928,36:39.6,assumptive_dependency,36:39.6,NULL
444,971,928,37:02.4,assumptive_dependency,37:02.4,NULL
445,975,928,37:58.6,assumptive_dependency,37:58.6,NULL
446,981,928,38:20.5,assumptive_dependency,38:20.5,NULL
447,986,928,38:49.9,assumptive_dependency,38:49.9,NULL
448,991,928,39:18.2,assumptive_dependency,39:18.2,NULL
449,1043,1037,56:20.4,assumptive_dependency,56:20.4,NULL
450,1075,201,45:58.6,assumptive_dependency,45:58.6,NULL
451,49,57,43:07.0,assumptive_dependency,43:07.0,NULL
452,58,57,48:17.7,assumptive_dependency,48:17.7,NULL
453,704,694,40:11.2,assumptive_dependency,40:11.2,NULL
454,705,694,40:52.4,assumptive_dependency,40:52.4,NULL
455,705,704,40:52.5,assumptive_dependency,40:52.5,NULL
456,706,694,41:08.8,assumptive_dependency,41:08.8,NULL
457,1077,1076,29:40.1,assumptive_dependency,29:40.1,NULL
458,1066,1076,30:08.9,assumptive_dependency,30:08.9,NULL
459,63,1077,39:51.5,assumptive_dependency,39:51.5,NULL
460,59,58,43:38.6,assumptive_dependency,43:38.6,NULL
461,63,59,44:06.7,assumptive_dependency,44:06.7,NULL
462,67,63,44:57.4,assumptive_dependency,44:57.4,NULL
463,50,57,46:21.7,assumptive_dependency,46:21.7,NULL
464,158,1003,47:26.2,assumptive_dependency,47:26.2,NULL
465,1052,1050,49:53.5,assumptive_dependency,49:53.5,NULL
466,1131,1132,34:15.8,assumptive_dependency,34:15.8,NULL
467,1130,1131,35:20.3,assumptive_dependency,35:20.3,NULL
468,1130,1132,35:20.4,assumptive_dependency,35:20.4,NULL
469,1138,1050,47:59.7,assumptive_dependency,47:59.7,NULL
470,802,1094,41:42.7,assumptive_dependency,41:42.7,NULL
471,1063,1094,42:06.3,assumptive_dependency,42:06.3,NULL
472,1093,801,42:25.5,assumptive_dependency,42:25.5,NULL
473,1063,1090,42:49.5,assumptive_dependency,42:49.5,NULL
474,803,1063,43:09.4,assumptive_dependency,43:09.4,NULL
475,900,909,14:47.3,assumptive_dependency,14:47.3,NULL
476,1176,1177,37:55.5,assumptive_dependency,37:55.5,NULL
477,1176,1179,37:55.5,assumptive_dependency,37:55.5,NULL
478,864,865,54:59.8,assumptive_dependency,54:59.8,NULL
479,369,140,59:21.6,assumptive_dependency,59:21.6,NULL
480,1071,1072,05:31.8,assumptive_dependency,05:31.8,NULL
481,1207,1209,24:33.2,assumptive_dependency,24:33.2,NULL
482,1118,1117,29:12.7,assumptive_dependency,29:12.7,NULL
483,1158,1117,30:22.8,assumptive_dependency,30:22.8,NULL
484,1035,1045,31:41.5,assumptive_dependency,31:41.5,NULL
485,584,1117,32:12.1,assumptive_dependency,32:12.1,NULL
486,1137,1117,32:52.6,assumptive_dependency,32:52.6,NULL
487,402,709,28:08.8,assumptive_dependency,28:08.8,NULL
488,689,709,35:22.4,assumptive_dependency,35:22.4,NULL
489,688,798,36:41.6,assumptive_dependency,36:41.6,NULL
490,688,709,40:06.7,assumptive_dependency,40:06.7,NULL
491,1181,709,42:26.6,assumptive_dependency,42:26.6,NULL
492,1222,1221,35:08.3,assumptive_dependency,35:08.3,NULL
493,1221,1224,46:24.5,assumptive_dependency,46:24.5,NULL
494,1222,1224,47:14.0,assumptive_dependency,47:14.0,NULL
495,1236,1202,03:53.6,assumptive_dependency,03:53.6,NULL
496,1234,1201,04:39.0,assumptive_dependency,04:39.0,NULL
497,1234,1233,04:39.0,assumptive_dependency,04:39.0,NULL
498,1233,1201,05:26.4,assumptive_dependency,05:26.4,NULL
499,1203,696,42:41.8,assumptive_dependency,42:41.8,7
500,566,620,33:37.5,assumptive_dependency,33:37.5,10232
501,629,721,39:42.0,assumptive_dependency,39:42.0,45
502,1250,1241,43:03.3,assumptive_dependency,43:03.3,10232
503,1241,1245,45:19.2,assumptive_dependency,45:19.2,10232
504,1249,673,01:15.8,assumptive_dependency,01:15.8,10232
505,1249,896,07:51.7,assumptive_dependency,07:51.7,10232
506,1249,895,09:03.3,assumptive_dependency,09:03.3,10232
507,858,859,24:46.8,assumptive_dependency,24:46.8,7
508,794,793,56:39.3,assumptive_dependency,56:39.3,10856
509,860,857,29:18.9,assumptive_dependency,29:18.9,45
510,1278,1277,04:46.8,assumptive_dependency,04:46.8,45
511,1279,1274,52:38.8,assumptive_dependency,52:38.8,45
512,1274,1275,53:41.2,assumptive_dependency,53:41.2,45
513,1274,634,54:33.1,assumptive_dependency,54:33.1,45
514,634,1275,55:40.9,assumptive_dependency,55:40.9,45
515,443,1228,09:41.1,assumptive_dependency,09:41.1,45
516,1254,1245,41:02.1,assumptive_dependency,41:02.1,10710
517,1254,1241,42:12.5,assumptive_dependency,42:12.5,10710
518,1298,156,38:58.1,assumptive_dependency,38:58.1,45
519,1148,1243,46:50.6,assumptive_dependency,46:50.6,45
520,1254,1124,51:33.1,assumptive_dependency,51:33.1,2075
521,1175,861,02:15.1,assumptive_dependency,02:15.1,2075
522,1169,865,12:48.5,assumptive_dependency,12:48.5,2075
523,857,1168,45:46.5,assumptive_dependency,45:46.5,372
526,1208,1207,16:40.1,assumptive_dependency,16:40.1,10077
527,532,912,22:25.1,assumptive_dependency,22:25.1,10260
528,912,879,25:29.1,assumptive_dependency,25:29.1,10260
531,653,1307,42:21.4,assumptive_dependency,42:21.4,10260
532,1307,377,45:29.9,assumptive_dependency,45:29.9,10260
533,532,377,27:14.6,assumptive_dependency,27:14.6,10260
535,1048,136,35:29.1,assumptive_dependency,35:29.1,10260
536,136,135,55:49.5,assumptive_dependency,55:49.5,10260
537,1319,1318,39:39.9,assumptive_dependency,39:39.9,10514
538,1321,1318,45:15.3,assumptive_dependency,45:15.3,10514
539,771,133,08:03.2,assumptive_dependency,08:03.2,10514
540,133,768,19:07.8,assumptive_dependency,19:07.8,10514
541,133,769,21:01.1,assumptive_dependency,21:01.1,10514
543,1048,133,39:14.4,assumptive_dependency,39:14.4,10514
544,1326,1283,59:18.7,assumptive_dependency,59:18.7,10710
545,1274,1326,04:33.0,assumptive_dependency,04:33.0,10710
547,553,531,32:12.1,assumptive_dependency,32:12.1,10833
548,105,531,00:22.2,assumptive_dependency,00:22.2,10833
549,1066,1323,53:09.4,assumptive_dependency,53:09.4,10710
550,873,884,16:55.1,assumptive_dependency,16:55.1,10710
551,872,884,21:34.1,assumptive_dependency,21:34.1,10710
552,871,884,24:52.3,assumptive_dependency,24:52.3,10710
553,869,884,27:53.0,assumptive_dependency,27:53.0,10710
554,1220,1191,21:11.4,assumptive_dependency,21:11.4,10710
555,1191,1197,24:15.4,assumptive_dependency,24:15.4,10710
556,1191,1195,44:05.4,assumptive_dependency,44:05.4,10710
524,866,861,09:46.0,assumptive_dependency,09:46.0,10077
525,609,1190,15:18.7,assumptive_dependency,15:18.7,10077
529,1048,879,33:01.2,assumptive_dependency,33:01.2,10260
530,532,1048,37:58.8,assumptive_dependency,37:58.8,10260
534,912,377,29:19.6,assumptive_dependency,29:19.6,10260
542,201,1302,29:22.6,assumptive_dependency,29:22.6,10514
546,874,884,54:38.3,assumptive_dependency,54:38.3,10077
557,1295,1258,14:47.9,assumptive_dependency,14:47.9,10260
558,873,883,58:41.8,assumptive_dependency,58:41.8,10710
559,817,816,04:28.8,assumptive_dependency,04:28.8,10710
560,788,787,08:55.0,assumptive_dependency,08:55.0,10710
561,302,1237,14:48.8,assumptive_dependency,14:48.8,10710
562,1237,1253,19:04.6,assumptive_dependency,19:04.6,10710
563,777,1273,31:54.4,assumptive_dependency,31:54.4,10710
564,21,1273,33:53.6,assumptive_dependency,33:53.6,10710
565,1273,682,35:57.9,assumptive_dependency,35:57.9,10710
566,1313,141,40:47.2,assumptive_dependency,40:47.2,10710
567,455,446,09:12.5,assumptive_dependency,09:12.5,10710
568,1290,227,17:30.8,assumptive_dependency,17:30.8,372
569,631,616,32:26.9,assumptive_dependency,32:26.9,2075
570,484,857,01:32.0,assumptive_dependency,01:32.0,10850
571,812,999,02:49.2,assumptive_dependency,02:49.2,372
572,1325,1135,23:43.7,assumptive_dependency,23:43.7,372
573,1229,1188,43:11.2,assumptive_dependency,43:11.2,10850
574,1191,1188,45:30.4,assumptive_dependency,45:30.4,10850
575,1210,1214,20:27.2,assumptive_dependency,20:27.2,10850
576,1219,1198,27:50.2,assumptive_dependency,27:50.2,10850
577,1210,1198,32:58.9,assumptive_dependency,32:58.9,10850
578,1189,1198,40:21.9,assumptive_dependency,40:21.9,10850
579,1219,1189,41:55.3,assumptive_dependency,41:55.3,10850
580,1198,1214,46:57.8,assumptive_dependency,46:57.8,10850
581,1210,1219,22:41.0,assumptive_dependency,22:41.0,10850
582,1219,1214,26:57.7,assumptive_dependency,26:57.7,10850
583,779,776,40:50.7,assumptive_dependency,40:50.7,372
584,773,638,56:29.3,assumptive_dependency,56:29.3,10850
585,647,708,00:51.5,assumptive_dependency,00:51.5,10850
586,900,1315,05:22.6,assumptive_dependency,05:22.6,372
587,1312,857,09:30.9,assumptive_dependency,09:30.9,372
588,896,895,10:26.6,assumptive_dependency,10:26.6,10850
589,1120,1121,21:11.0,assumptive_dependency,21:11.0,10850
590,1240,1235,29:47.2,assumptive_dependency,29:47.2,10850
591,548,1324,56:13.8,assumptive_dependency,56:13.8,10514
592,534,562,34:30.2,assumptive_dependency,34:30.2,10514
593,901,562,51:28.8,assumptive_dependency,51:28.8,10514
594,534,901,53:36.7,assumptive_dependency,53:36.7,10514
595,636,1309,00:48.4,assumptive_dependency,00:48.4,10514
596,775,1299,03:24.9,assumptive_dependency,03:24.9,10514
597,1286,1284,09:48.8,assumptive_dependency,09:48.8,10514
598,1291,1262,18:52.6,assumptive_dependency,18:52.6,10514
599,997,1308,29:43.6,assumptive_dependency,29:43.6,10514
600,689,997,33:00.2,assumptive_dependency,33:00.2,10514
601,997,1256,35:49.3,assumptive_dependency,35:49.3,10514
602,1239,413,39:43.9,assumptive_dependency,39:43.9,10514
603,638,1203,51:08.0,assumptive_dependency,51:08.0,10514
604,1199,1206,01:44.3,assumptive_dependency,01:44.3,10514
605,1199,1201,03:46.0,assumptive_dependency,03:46.0,10514
606,777,1197,11:13.6,assumptive_dependency,11:13.6,10514
607,788,1186,41:55.9,assumptive_dependency,41:55.9,10514
608,1178,446,47:43.8,assumptive_dependency,47:43.8,10514
609,1153,1174,51:06.3,assumptive_dependency,51:06.3,10514
610,1066,1077,02:14.5,assumptive_dependency,02:14.5,10514
611,890,886,30:36.1,assumptive_dependency,30:36.1,10514
612,887,890,39:33.4,assumptive_dependency,39:33.4,10514
613,1311,484,13:09.4,assumptive_dependency,13:09.4,10260
614,1327,1330,42:32.6,assumptive_dependency,42:32.6,10260
615,1327,1328,43:08.9,assumptive_dependency,43:08.9,10260
616,1327,1329,43:52.0,assumptive_dependency,43:52.0,10260
617,1330,1329,49:53.4,assumptive_dependency,49:53.4,10260
618,1328,1330,01:03.8,assumptive_dependency,01:03.8,45
619,1331,1332,00:43.2,assumptive_dependency,00:43.2,10850
620,1333,1332,01:06.8,assumptive_dependency,01:06.8,10850
621,1333,1331,02:38.5,assumptive_dependency,02:38.5,10850
622,1335,1334,54:59.2,assumptive_dependency,54:59.2,276
623,1342,1341,04:54.2,assumptive_dependency,04:54.2,10850
624,1339,1338,42:03.0,assumptive_dependency,42:03.0,10710
625,1337,1338,46:43.8,assumptive_dependency,46:43.8,10710
626,1334,721,42:37.0,assumptive_dependency,42:37.0,45
627,1312,484,04:28.9,assumptive_dependency,04:28.9,10260
628,455,1343,09:01.7,assumptive_dependency,09:01.7,10260
629,455,1178,45:52.5,assumptive_dependency,45:52.5,10260
630,1178,1343,13:22.9,assumptive_dependency,13:22.9,10260
631,1346,1345,26:38.2,assumptive_dependency,26:38.2,10077
632,1347,1345,34:05.2,assumptive_dependency,34:05.2,10077
635,1347,1346,29:32.1,assumptive_dependency,29:32.1,45
645,1352,802,31:49.9,assumptive_dependency,31:49.9,10519
647,802,1351,37:57.6,assumptive_dependency,37:57.6,10519
651,1233,1353,51:44.8,assumptive_dependency,51:44.8,10229
652,1201,1353,54:17.2,assumptive_dependency,54:17.2,10229
633,1331,1349,07:24.3,assumptive_dependency,07:24.3,45
636,1317,1316,44:42.0,assumptive_dependency,44:42.0,10229
637,1346,1348,52:58.1,assumptive_dependency,52:58.1,10519
641,1311,141,23:32.1,assumptive_dependency,23:32.1,10519
649,1192,633,38:25.6,assumptive_dependency,38:25.6,372
650,1234,1353,47:51.2,assumptive_dependency,47:51.2,10229
653,1357,1354,05:22.1,assumptive_dependency,05:22.1,10229
634,1349,1332,07:46.1,assumptive_dependency,07:46.1,45
638,869,874,31:50.6,assumptive_dependency,31:50.6,10519
642,449,1168,54:28.4,assumptive_dependency,54:28.4,10519
639,1176,1311,54:44.0,assumptive_dependency,54:44.0,10519
640,124,227,08:48.0,assumptive_dependency,08:48.0,10519
643,553,557,58:12.2,assumptive_dependency,58:12.2,10519
644,837,377,42:03.7,assumptive_dependency,42:03.7,372
646,1352,1351,34:25.2,assumptive_dependency,34:25.2,10519
648,629,1335,06:26.3,assumptive_dependency,06:26.3,276
654,1355,1356,25:47.2,assumptive_dependency,25:47.2,10077
655,1254,1250,26:25.3,assumptive_dependency,26:25.3,10077
656,1018,1019,10:06.5,assumptive_dependency,10:06.5,10519
657,446,1358,45:15.4,assumptive_dependency,45:15.4,10077
658,771,772,41:39.3,assumptive_dependency,41:39.3,10513
659,999,1005,28:14.2,assumptive_dependency,28:14.2,10513
660,639,1005,30:34.8,assumptive_dependency,30:34.8,10513
661,1339,1336,02:17.2,assumptive_dependency,02:17.2,10513
662,717,992,53:05.8,assumptive_dependency,53:05.8,372
663,137,424,56:17.6,assumptive_dependency,56:17.6,372
664,1135,435,00:32.3,assumptive_dependency,00:32.3,372
665,1005,1135,10:19.6,assumptive_dependency,10:19.6,372
666,329,1135,17:12.0,assumptive_dependency,17:12.0,372
667,892,435,20:37.5,assumptive_dependency,20:37.5,372
668,746,1356,33:31.0,assumptive_dependency,33:31.0,372
669,935,776,38:22.8,assumptive_dependency,38:22.8,372
670,1338,1336,09:35.7,assumptive_dependency,09:35.7,10519
671,1339,1337,39:18.9,assumptive_dependency,39:18.9,45
672,1270,1323,34:56.5,assumptive_dependency,34:56.5,372
673,329,435,38:34.7,assumptive_dependency,38:34.7,372
674,181,182,24:41.9,assumptive_dependency,24:41.9,85
675,775,1231,39:31.5,assumptive_dependency,39:31.5,372
676,992,1265,50:03.6,assumptive_dependency,50:03.6,372
677,1196,1182,09:42.7,assumptive_dependency,09:42.7,372
678,882,885,14:33.6,assumptive_dependency,14:33.6,372
679,1256,1305,21:43.4,assumptive_dependency,21:43.4,372
680,1308,913,28:35.7,assumptive_dependency,28:35.7,372
681,208,1124,03:24.3,assumptive_dependency,03:24.3,10229
682,208,1330,07:58.6,assumptive_dependency,07:58.6,10229
683,1353,1330,18:08.1,assumptive_dependency,18:08.1,10229
684,673,1327,32:39.5,assumptive_dependency,32:39.5,10229
685,1353,673,41:14.6,assumptive_dependency,41:14.6,10229
686,717,1340,43:33.7,assumptive_dependency,43:33.7,10229
687,673,1339,45:34.4,assumptive_dependency,45:34.4,10229
688,1357,673,47:03.8,assumptive_dependency,47:03.8,10229
689,673,1333,54:11.6,assumptive_dependency,54:11.6,10229
690,1365,1363,57:00.4,assumptive_dependency,57:00.4,1019
691,1368,1365,08:47.4,assumptive_dependency,08:47.4,45
692,1366,1373,13:04.6,assumptive_dependency,13:04.6,45
693,1364,1366,14:09.1,assumptive_dependency,14:09.1,45
694,1372,1373,14:57.6,assumptive_dependency,14:57.6,45
695,1373,1363,15:08.8,assumptive_dependency,15:08.8,1019
696,1366,1372,15:34.6,assumptive_dependency,15:34.6,45
697,1364,1372,18:33.9,assumptive_dependency,18:33.9,45
698,1364,1373,19:05.9,assumptive_dependency,19:05.9,45
699,1365,1373,31:32.0,assumptive_dependency,31:32.0,1019
700,1368,1361,31:57.8,assumptive_dependency,31:57.8,45
701,1384,1368,18:53.6,assumptive_dependency,18:53.6,45
702,1384,1365,19:26.6,assumptive_dependency,19:26.6,45
703,1385,1368,20:02.2,assumptive_dependency,20:02.2,45
704,1385,1365,20:58.5,assumptive_dependency,20:58.5,45
705,974,979,25:23.5,assumptive_dependency,25:23.5,10077
706,1385,1384,26:15.9,assumptive_dependency,26:15.9,45
707,1361,1366,36:09.5,assumptive_dependency,36:09.5,45
708,1368,1366,36:10.9,assumptive_dependency,36:10.9,10077
709,1385,1364,37:25.2,assumptive_dependency,37:25.2,10077
710,1384,1372,38:12.9,assumptive_dependency,38:12.9,45
711,984,974,45:40.4,assumptive_dependency,45:40.4,10077
712,1376,1384,58:38.6,assumptive_dependency,58:38.6,1025
713,1369,1384,59:03.2,assumptive_dependency,59:03.2,1025
714,1378,1385,04:40.8,assumptive_dependency,04:40.8,1025
715,1378,1364,05:20.2,assumptive_dependency,05:20.2,1025
716,1376,1372,06:07.5,assumptive_dependency,06:07.5,1025
717,1370,1385,07:11.0,assumptive_dependency,07:11.0,1025
718,1379,1385,08:43.0,assumptive_dependency,08:43.0,1025
719,1379,1364,09:21.3,assumptive_dependency,09:21.3,1025
720,1359,1385,09:58.1,assumptive_dependency,09:58.1,1025
721,1359,1364,10:23.0,assumptive_dependency,10:23.0,1025
722,1377,1368,11:03.3,assumptive_dependency,11:03.3,1025
723,1377,1366,11:26.8,assumptive_dependency,11:26.8,1025
724,1374,1368,12:34.4,assumptive_dependency,12:34.4,1025
725,1374,1366,12:54.5,assumptive_dependency,12:54.5,1025
726,1362,1368,17:12.1,assumptive_dependency,17:12.1,1025
727,1362,1366,17:39.5,assumptive_dependency,17:39.5,1025
728,1385,1366,19:03.9,assumptive_dependency,19:03.9,1025
729,1371,1384,21:21.7,assumptive_dependency,21:21.7,1025
730,1371,1372,21:46.3,assumptive_dependency,21:46.3,1025
731,1370,1364,22:11.2,assumptive_dependency,22:11.2,45
738,1380,1365,25:59.7,assumptive_dependency,25:59.7,1025
732,1383,1372,22:14.0,assumptive_dependency,22:14.0,1025
733,1383,1384,22:33.9,assumptive_dependency,22:33.9,1025
735,1384,1364,23:59.6,assumptive_dependency,23:59.6,1025
734,1369,1372,23:09.4,assumptive_dependency,23:09.4,1025
736,1385,1372,24:33.6,assumptive_dependency,24:33.6,1025
739,1380,1373,26:26.5,assumptive_dependency,26:26.5,1025
741,1360,1373,27:25.5,assumptive_dependency,27:25.5,1025
743,1367,1373,28:20.0,assumptive_dependency,28:20.0,1025
745,964,974,22:24.4,assumptive_dependency,22:24.4,10077
737,1368,1363,25:25.1,assumptive_dependency,25:25.1,1025
740,1360,1365,27:03.1,assumptive_dependency,27:03.1,1025
742,1367,1365,28:01.0,assumptive_dependency,28:01.0,1025
747,959,974,44:54.3,assumptive_dependency,44:54.3,10077
744,1228,1365,34:03.3,assumptive_dependency,34:03.3,45
746,1019,1017,32:36.0,assumptive_dependency,32:36.0,10077
748,673,1336,56:46.5,assumptive_dependency,56:46.5,10229
749,1336,1317,01:00.8,assumptive_dependency,01:00.8,10229
750,1357,1336,04:56.2,assumptive_dependency,04:56.2,10229
751,1353,1336,06:29.6,assumptive_dependency,06:29.6,10229
752,1328,1329,10:35.7,assumptive_dependency,10:35.7,10260
753,327,1229,31:05.1,assumptive_dependency,31:05.1,10077
754,1202,1169,53:09.4,assumptive_dependency,53:09.4,10513
