id,user_id,type,per_trade_limit,total_budget,is_power_mode,is_active,start_date,end_date,created_at,updated_at
1,8593,recurring,100,NULL,FALSE,TRUE,57:10.8,57:10.8,57:10.7,57:10.7
3,7,recurring,100,NULL,FALSE,TRUE,51:28.9,51:28.9,51:28.9,51:28.9
61,8707,recurring,100,NULL,FALSE,TRUE,54:10.9,54:10.9,54:10.9,54:10.9
53,85,recurring,NULL,300,TRUE,FALSE,35:00.7,NULL,35:00.7,35:00.7
6,2075,recurring,NULL,300,TRUE,FALSE,03:18.1,NULL,03:18.1,03:18.1
4,2315,recurring,NULL,206.7612124,TRUE,FALSE,56:03.7,NULL,56:03.7,56:03.7
62,8708,recurring,100,NULL,FALSE,TRUE,06:51.3,06:51.3,06:51.3,06:51.3
7,7129,recurring,100,NULL,FALSE,TRUE,20:17.3,20:17.3,20:17.3,20:17.3
8,7129,recurring,100,NULL,FALSE,TRUE,22:22.1,22:22.1,22:22.1,22:22.1
9,7129,recurring,100,NULL,FALSE,TRUE,24:57.4,24:57.4,24:57.4,24:57.4
10,7129,recurring,100,NULL,FALSE,TRUE,26:05.2,26:05.2,26:05.2,26:05.2
5,2075,recurring,NULL,300,TRUE,FALSE,02:27.7,NULL,02:27.7,02:27.7
12,8600,recurring,100,NULL,FALSE,TRUE,42:57.8,42:57.8,42:57.8,42:57.8
13,8599,recurring,100,NULL,FALSE,TRUE,45:43.3,45:43.3,45:43.2,45:43.2
14,7129,recurring,100,NULL,FALSE,TRUE,15:27.7,15:27.7,15:27.7,15:27.7
2,7,recurring,NULL,278.0654173,TRUE,FALSE,33:19.8,NULL,33:19.7,33:19.7
15,8602,recurring,100,NULL,FALSE,TRUE,41:29.8,41:29.8,41:29.8,41:29.8
16,8603,recurring,100,NULL,FALSE,TRUE,45:58.9,45:58.9,45:58.8,45:58.8
17,8606,recurring,100,NULL,FALSE,TRUE,48:38.4,48:38.4,48:38.3,48:38.3
18,8605,recurring,100,NULL,FALSE,TRUE,49:39.2,49:39.2,49:39.2,49:39.2
19,85,recurring,NULL,300,TRUE,TRUE,03:29.6,NULL,03:29.6,03:29.6
21,8609,recurring,100,NULL,FALSE,TRUE,25:53.8,25:53.8,25:53.8,25:53.8
22,8609,recurring,100,NULL,FALSE,TRUE,27:36.1,27:36.1,27:36.1,27:36.1
23,8610,recurring,100,NULL,FALSE,TRUE,30:19.4,30:19.4,30:19.4,30:19.4
24,8611,recurring,100,NULL,FALSE,TRUE,31:27.8,31:27.8,31:27.8,31:27.8
25,8613,recurring,100,NULL,FALSE,TRUE,18:10.4,18:10.4,18:10.4,18:10.4
26,8616,recurring,100,NULL,FALSE,TRUE,44:22.1,44:22.1,44:22.1,44:22.1
27,8618,recurring,100,NULL,FALSE,FALSE,45:45.1,45:45.1,45:45.1,45:45.1
28,8620,recurring,100,NULL,FALSE,TRUE,47:15.2,47:15.2,47:15.2,47:15.2
29,8622,recurring,100,NULL,FALSE,TRUE,47:26.3,47:26.3,47:26.3,47:26.3
30,8627,recurring,100,NULL,FALSE,TRUE,57:01.1,57:01.1,57:01.0,57:01.0
31,8628,recurring,100,NULL,FALSE,TRUE,57:36.1,57:36.1,57:36.1,57:36.1
32,8631,recurring,100,NULL,FALSE,TRUE,02:13.8,02:13.8,02:13.8,02:13.8
33,8635,recurring,100,NULL,FALSE,TRUE,13:43.3,13:43.3,13:43.3,13:43.3
34,8639,recurring,100,NULL,FALSE,TRUE,25:16.0,25:16.0,25:16.0,25:16.0
35,8636,recurring,100,NULL,FALSE,TRUE,26:05.7,26:05.7,26:05.7,26:05.7
36,8640,recurring,100,NULL,FALSE,TRUE,29:43.4,29:43.4,29:43.4,29:43.4
37,8641,recurring,100,NULL,FALSE,TRUE,33:53.6,33:53.6,33:53.6,33:53.6
38,8644,recurring,100,NULL,FALSE,TRUE,37:28.7,37:28.7,37:28.7,37:28.7
39,8647,recurring,100,NULL,FALSE,TRUE,46:04.1,46:04.1,46:04.1,46:04.1
40,8650,recurring,100,NULL,FALSE,TRUE,52:44.4,52:44.4,52:44.4,52:44.4
41,8653,recurring,100,NULL,FALSE,TRUE,03:27.2,03:27.2,03:27.2,03:27.2
42,8655,recurring,100,NULL,FALSE,TRUE,17:09.1,17:09.1,17:09.1,17:09.1
43,8657,recurring,100,NULL,FALSE,TRUE,32:07.4,32:07.4,32:07.4,32:07.4
44,8659,recurring,100,NULL,FALSE,TRUE,33:32.2,33:32.2,33:32.2,33:32.2
45,8668,recurring,100,NULL,FALSE,TRUE,00:45.0,00:45.0,00:45.0,00:45.0
46,7129,recurring,100,NULL,FALSE,TRUE,05:34.5,05:34.5,05:34.4,05:34.4
47,7129,recurring,100,NULL,FALSE,TRUE,06:33.6,06:33.6,06:33.5,06:33.5
63,8711,recurring,100,NULL,FALSE,TRUE,21:48.8,21:48.8,21:48.8,21:48.8
48,8676,recurring,100,NULL,FALSE,TRUE,18:08.4,18:08.4,18:08.4,18:08.4
49,8680,recurring,100,NULL,FALSE,TRUE,26:04.4,26:04.4,26:04.4,26:04.4
50,8681,recurring,100,NULL,FALSE,TRUE,26:12.6,26:12.6,26:12.6,26:12.6
51,8682,recurring,100,NULL,FALSE,TRUE,27:05.2,27:05.2,27:05.2,27:05.2
52,8683,recurring,100,NULL,FALSE,TRUE,29:30.1,29:30.1,29:30.0,29:30.0
54,8685,recurring,100,NULL,FALSE,TRUE,40:03.5,40:03.5,40:03.5,40:03.5
55,8688,recurring,100,NULL,FALSE,TRUE,45:17.0,45:17.0,45:17.0,45:17.0
56,8691,recurring,100,NULL,FALSE,TRUE,51:32.2,51:32.2,51:32.2,51:32.2
57,8690,recurring,100,NULL,FALSE,TRUE,55:44.3,55:44.3,55:44.3,55:44.3
58,8693,recurring,100,NULL,FALSE,TRUE,01:28.1,01:28.1,01:28.0,01:28.0
59,8699,recurring,100,NULL,FALSE,TRUE,22:46.5,22:46.5,22:46.5,22:46.5
60,8704,recurring,100,NULL,FALSE,TRUE,35:23.9,35:23.9,35:23.9,35:23.9
64,8712,recurring,100,NULL,FALSE,TRUE,22:53.2,22:53.2,22:53.2,22:53.2
65,8723,recurring,100,NULL,FALSE,TRUE,41:31.4,41:31.4,41:31.4,41:31.4
66,8726,recurring,100,NULL,FALSE,TRUE,42:00.9,42:00.9,42:00.9,42:00.9
67,8730,recurring,100,NULL,FALSE,TRUE,53:14.8,53:14.8,53:14.8,53:14.8
68,8735,recurring,100,NULL,FALSE,TRUE,05:39.6,05:39.6,05:39.6,05:39.6
69,8736,recurring,100,NULL,FALSE,TRUE,07:31.7,07:31.7,07:31.7,07:31.7
70,8737,recurring,100,NULL,FALSE,TRUE,11:06.5,11:06.5,11:06.5,11:06.5
71,8741,recurring,100,NULL,FALSE,TRUE,39:48.2,39:48.2,39:48.2,39:48.2
72,8744,recurring,100,NULL,FALSE,TRUE,54:58.2,54:58.2,54:58.2,54:58.2
73,8752,recurring,100,NULL,FALSE,TRUE,09:05.7,09:05.7,09:05.7,09:05.7
74,8753,recurring,100,NULL,FALSE,TRUE,10:11.8,10:11.8,10:11.8,10:11.8
75,8754,recurring,100,NULL,FALSE,TRUE,12:09.8,12:09.8,12:09.8,12:09.8
11,2075,recurring,NULL,0.5,TRUE,TRUE,40:21.8,NULL,40:21.8,40:21.8
76,8756,recurring,100,NULL,FALSE,TRUE,17:27.6,17:27.6,17:27.6,17:27.6
78,8760,recurring,100,NULL,FALSE,TRUE,29:25.7,29:25.7,29:25.7,29:25.7
79,8760,recurring,100,NULL,FALSE,TRUE,31:21.6,31:21.6,31:21.6,31:21.6
80,8762,recurring,100,NULL,FALSE,TRUE,31:58.8,31:58.8,31:58.7,31:58.7
81,8764,recurring,100,NULL,FALSE,TRUE,35:05.4,35:05.4,35:05.3,35:05.3
82,8767,recurring,100,NULL,FALSE,TRUE,42:38.0,42:38.0,42:38.0,42:38.0
83,8773,recurring,100,NULL,FALSE,TRUE,11:58.7,11:58.7,11:58.7,11:58.7
87,8777,recurring,100,NULL,FALSE,TRUE,36:25.3,36:25.3,36:25.2,36:25.2
89,3605,recurring,100,NULL,FALSE,TRUE,20:15.7,20:15.7,20:15.7,20:15.7
77,8757,recurring,100,NULL,FALSE,FALSE,21:07.6,21:07.6,21:07.6,21:07.6
84,8774,recurring,100,NULL,FALSE,TRUE,13:53.5,13:53.5,13:53.5,13:53.5
85,8776,recurring,100,NULL,FALSE,TRUE,21:40.7,21:40.7,21:40.6,21:40.6
88,8778,recurring,100,NULL,FALSE,TRUE,47:08.2,47:08.2,47:08.2,47:08.2
92,8793,recurring,100,NULL,FALSE,TRUE,18:06.9,18:06.9,18:06.9,18:06.9
86,7129,recurring,100,NULL,FALSE,TRUE,18:45.9,18:45.9,18:45.9,18:45.9
91,8786,recurring,100,NULL,FALSE,TRUE,34:51.0,34:51.0,34:51.0,34:51.0
90,8784,recurring,100,NULL,FALSE,TRUE,25:10.1,25:10.1,25:10.1,25:10.1
93,8808,recurring,100,NULL,FALSE,TRUE,20:49.6,20:49.6,20:49.6,20:49.6
94,8814,recurring,100,NULL,FALSE,TRUE,32:05.4,32:05.4,32:05.4,32:05.4
95,8812,recurring,100,NULL,FALSE,TRUE,32:08.8,32:08.8,32:08.7,32:08.7
96,8817,recurring,100,NULL,FALSE,TRUE,34:26.9,34:26.9,34:26.8,34:26.8
97,8821,recurring,100,NULL,FALSE,TRUE,52:19.7,52:19.7,52:19.7,52:19.7
98,8824,recurring,100,NULL,FALSE,TRUE,57:15.2,57:15.2,57:15.2,57:15.2
99,8829,recurring,100,NULL,FALSE,TRUE,04:36.1,04:36.1,04:36.0,04:36.0
100,8834,recurring,100,NULL,FALSE,FALSE,33:56.5,33:56.5,33:56.5,33:56.5
101,8840,recurring,100,NULL,FALSE,TRUE,48:05.6,48:05.6,48:05.6,48:05.6
102,7129,recurring,100,NULL,FALSE,TRUE,10:59.6,10:59.6,10:59.6,10:59.6
103,7129,recurring,100,NULL,FALSE,TRUE,13:42.1,13:42.1,13:42.1,13:42.1
104,7129,recurring,100,NULL,FALSE,TRUE,18:20.6,18:20.6,18:20.6,18:20.6
105,7129,recurring,100,NULL,FALSE,TRUE,19:54.9,19:54.9,19:54.9,19:54.9
106,7129,recurring,100,NULL,FALSE,TRUE,22:36.5,22:36.5,22:36.5,22:36.5
107,7129,recurring,100,NULL,FALSE,TRUE,27:24.7,27:24.7,27:24.7,27:24.7
108,7129,recurring,100,NULL,FALSE,TRUE,59:40.6,59:40.6,59:40.6,59:40.6
109,7129,recurring,100,NULL,FALSE,TRUE,01:55.6,01:55.6,01:55.6,01:55.6
110,7129,recurring,100,NULL,FALSE,TRUE,16:01.8,16:01.8,16:01.8,16:01.8
111,8848,recurring,100,NULL,FALSE,TRUE,32:01.3,32:01.3,32:01.2,32:01.2
112,8854,recurring,100,NULL,FALSE,TRUE,44:58.4,44:58.4,44:58.4,44:58.4
113,8888,recurring,100,NULL,FALSE,TRUE,24:04.2,24:04.2,24:04.1,24:04.1
114,7129,recurring,100,NULL,FALSE,TRUE,02:31.6,02:31.6,02:31.5,02:31.5
115,7129,recurring,100,NULL,FALSE,TRUE,04:21.1,04:21.1,04:21.1,04:21.1
116,7129,recurring,100,NULL,FALSE,TRUE,05:30.0,05:30.0,05:29.9,05:29.9
141,8920,recurring,NULL,286.2496476,TRUE,FALSE,03:30.3,NULL,03:30.2,03:30.2
117,7129,recurring,100,NULL,FALSE,TRUE,50:02.3,50:02.3,50:02.3,50:02.3
118,7129,recurring,100,NULL,FALSE,TRUE,50:57.8,50:57.8,50:57.8,50:57.8
132,8920,recurring,NULL,120.5142829,TRUE,FALSE,00:33.9,NULL,00:33.9,00:33.9
20,5122,recurring,NULL,85.86731257,TRUE,FALSE,05:10.1,NULL,05:10.1,05:10.1
119,7129,recurring,100,NULL,FALSE,TRUE,14:18.1,14:18.1,14:18.0,14:18.0
129,7129,recurring,100,NULL,FALSE,TRUE,40:02.3,40:02.3,40:02.3,40:02.3
128,8920,recurring,NULL,294.8208705,TRUE,FALSE,59:07.1,NULL,59:07.0,59:07.0
131,8920,recurring,NULL,53.12588382,TRUE,FALSE,59:27.6,NULL,59:27.6,59:27.6
125,8920,recurring,NULL,81.37799506,TRUE,FALSE,53:28.8,NULL,53:28.8,53:28.8
126,8920,recurring,NULL,197.7732318,TRUE,FALSE,55:54.3,NULL,55:54.3,55:54.3
133,8925,recurring,100,NULL,FALSE,TRUE,33:54.0,33:54.0,33:53.9,33:53.9
134,1354,recurring,100,NULL,FALSE,TRUE,41:42.8,41:42.8,41:42.8,41:42.8
120,8920,recurring,NULL,300,TRUE,FALSE,44:24.4,NULL,44:24.4,44:24.4
124,8920,recurring,NULL,278.7748963,TRUE,FALSE,52:01.7,NULL,52:01.7,52:01.7
130,8920,recurring,NULL,241.6899713,TRUE,FALSE,57:25.0,NULL,57:25.0,57:25.0
123,8920,recurring,NULL,300,TRUE,FALSE,49:27.6,NULL,49:27.6,49:27.6
145,8920,recurring,NULL,286.7499109,TRUE,FALSE,13:18.1,NULL,13:18.1,13:18.1
140,8920,recurring,NULL,293.520197,TRUE,FALSE,02:28.1,NULL,02:28.1,02:28.1
146,8920,recurring,NULL,292.1019851,TRUE,FALSE,13:56.4,NULL,13:56.4,13:56.4
136,7129,recurring,100,NULL,FALSE,TRUE,05:49.3,05:49.3,05:49.3,05:49.3
137,7129,recurring,100,NULL,FALSE,TRUE,10:03.2,10:03.2,10:03.1,10:03.1
142,8920,recurring,NULL,0.5,TRUE,TRUE,09:13.0,NULL,09:13.0,09:13.0
143,8920,recurring,NULL,283.0115064,TRUE,FALSE,10:47.0,NULL,10:46.9,10:46.9
138,8928,recurring,NULL,0.5,TRUE,TRUE,28:12.4,NULL,28:12.4,28:12.4
147,8934,recurring,100,NULL,FALSE,TRUE,47:59.4,47:59.4,47:59.4,47:59.4
127,8920,recurring,NULL,209.8433982,TRUE,FALSE,56:50.0,NULL,56:50.0,56:50.0
122,8920,recurring,NULL,123.5488012,TRUE,FALSE,48:56.1,NULL,48:56.0,48:56.0
121,8920,recurring,NULL,95.56317474,TRUE,FALSE,47:39.2,NULL,47:39.2,47:39.2
150,8944,recurring,100,NULL,FALSE,TRUE,17:56.8,17:56.8,17:56.8,17:56.8
149,8942,recurring,100,NULL,FALSE,TRUE,35:07.1,35:07.1,35:07.1,35:07.1
151,8945,recurring,100,NULL,FALSE,TRUE,32:04.6,32:04.6,32:04.6,32:04.6
148,8920,recurring,NULL,0.5,TRUE,TRUE,41:11.6,NULL,41:11.6,41:11.6
152,270,recurring,100,NULL,FALSE,TRUE,03:24.7,03:24.7,03:24.7,03:24.7
153,8946,recurring,100,NULL,FALSE,TRUE,12:11.7,12:11.7,12:11.6,12:11.6
154,8946,recurring,100,NULL,FALSE,TRUE,21:27.6,21:27.6,21:27.6,21:27.6
155,8957,recurring,100,NULL,FALSE,TRUE,52:44.9,52:44.9,52:44.9,52:44.9
156,8946,recurring,100,NULL,FALSE,TRUE,31:42.0,31:42.0,31:42.0,31:42.0
135,85,recurring,NULL,296.0900882,TRUE,TRUE,52:27.8,NULL,52:27.8,52:27.8
144,8920,recurring,NULL,277.2123523,TRUE,FALSE,12:44.9,NULL,12:44.9,12:44.9
157,8958,recurring,100,NULL,FALSE,TRUE,55:16.6,55:16.6,55:16.6,55:16.6
160,8920,recurring,NULL,300,TRUE,FALSE,19:35.6,NULL,19:35.6,19:35.6
161,8969,recurring,100,NULL,FALSE,TRUE,27:38.9,27:38.9,27:38.9,27:38.9
162,8973,recurring,100,NULL,FALSE,TRUE,56:58.6,56:58.6,56:58.6,56:58.6
163,1979,recurring,100,NULL,FALSE,TRUE,18:38.4,18:38.4,18:38.4,18:38.4
164,54,recurring,NULL,300,TRUE,FALSE,16:47.7,NULL,16:47.7,16:47.7
165,9006,recurring,100,NULL,FALSE,TRUE,00:22.9,00:22.9,00:22.9,00:22.9
166,1932,recurring,NULL,192.2891944,TRUE,TRUE,12:54.1,NULL,12:54.1,12:54.1
139,372,recurring,NULL,289.8120189,TRUE,FALSE,29:59.5,NULL,29:59.5,29:59.5
159,8920,recurring,NULL,191.6585736,TRUE,FALSE,19:18.3,NULL,19:18.3,19:18.3
169,9017,recurring,100,NULL,FALSE,TRUE,35:21.3,35:21.3,35:21.3,35:21.3
174,2058,recurring,100,NULL,FALSE,TRUE,17:04.7,17:04.7,17:04.7,17:04.7
176,2058,recurring,100,NULL,FALSE,TRUE,21:22.5,21:22.5,21:22.4,21:22.4
180,9022,recurring,100,NULL,FALSE,TRUE,55:45.0,55:45.0,55:45.0,55:45.0
183,9028,recurring,100,NULL,FALSE,TRUE,59:20.1,59:20.1,59:20.1,59:20.1
185,9034,recurring,100,NULL,FALSE,TRUE,08:04.8,08:04.8,08:04.8,08:04.8
186,9039,recurring,100,NULL,FALSE,TRUE,25:41.5,25:41.5,25:41.5,25:41.5
192,9060,recurring,100,NULL,FALSE,TRUE,21:32.2,21:32.2,21:32.2,21:32.2
196,9071,recurring,100,NULL,FALSE,TRUE,01:43.8,01:43.8,01:43.8,01:43.8
167,1932,recurring,NULL,0.5,TRUE,TRUE,18:19.9,NULL,18:19.9,18:19.9
170,2058,recurring,100,NULL,FALSE,TRUE,42:07.9,42:07.9,42:07.9,42:07.9
171,2058,recurring,100,NULL,FALSE,TRUE,43:51.9,43:51.9,43:51.9,43:51.9
172,2058,recurring,100,NULL,FALSE,TRUE,58:12.8,58:12.8,58:12.7,58:12.7
173,2058,recurring,100,NULL,FALSE,TRUE,58:50.9,58:50.9,58:50.9,58:50.9
175,8995,recurring,100,NULL,FALSE,TRUE,17:52.4,17:52.4,17:52.4,17:52.4
187,9046,recurring,100,NULL,FALSE,TRUE,42:42.4,42:42.4,42:42.4,42:42.4
191,9052,recurring,100,NULL,FALSE,TRUE,05:45.6,05:45.6,05:45.6,05:45.6
179,20,recurring,NULL,298.4629802,TRUE,TRUE,18:28.3,NULL,18:28.3,18:28.3
158,8920,recurring,NULL,286.6896291,TRUE,FALSE,15:16.5,NULL,15:16.5,15:16.5
200,372,recurring,NULL,195.8179482,TRUE,FALSE,16:38.8,NULL,16:38.8,16:38.8
177,2058,recurring,100,NULL,FALSE,TRUE,22:52.1,22:52.1,22:52.0,22:52.0
181,9025,recurring,100,NULL,FALSE,TRUE,56:49.1,56:49.1,56:49.1,56:49.1
193,9062,recurring,100,NULL,FALSE,TRUE,22:03.3,22:03.3,22:03.3,22:03.3
178,2058,recurring,100,NULL,FALSE,TRUE,06:36.2,06:36.2,06:36.2,06:36.2
182,9026,recurring,100,NULL,FALSE,FALSE,56:55.7,56:55.7,56:55.7,56:55.7
184,9032,recurring,100,NULL,FALSE,TRUE,03:21.6,03:21.6,03:21.6,03:21.6
194,9064,recurring,100,NULL,FALSE,TRUE,33:17.1,33:17.1,33:17.0,33:17.0
195,9065,recurring,100,NULL,FALSE,TRUE,35:20.4,35:20.4,35:20.4,35:20.4
198,9081,recurring,100,NULL,FALSE,TRUE,36:33.6,36:33.6,36:33.6,36:33.6
199,9086,recurring,100,NULL,FALSE,TRUE,01:06.0,01:06.0,01:06.0,01:06.0
201,9090,recurring,100,NULL,FALSE,TRUE,27:52.1,27:52.1,27:52.1,27:52.1
188,9048,recurring,100,NULL,FALSE,FALSE,48:48.5,48:48.5,48:48.4,48:48.4
189,9050,recurring,100,NULL,FALSE,TRUE,52:30.1,52:30.1,52:30.1,52:30.1
190,9056,recurring,100,NULL,FALSE,TRUE,03:59.7,03:59.7,03:59.7,03:59.7
197,9072,recurring,100,NULL,FALSE,TRUE,07:10.9,07:10.9,07:10.9,07:10.9
202,9094,recurring,100,NULL,FALSE,TRUE,56:11.7,56:11.7,56:11.7,56:11.7
203,9108,recurring,100,NULL,FALSE,TRUE,48:17.2,48:17.2,48:17.1,48:17.1
204,9111,recurring,100,NULL,FALSE,TRUE,53:03.1,53:03.1,53:03.0,53:03.0
205,9115,recurring,100,NULL,FALSE,TRUE,07:47.7,07:47.7,07:47.6,07:47.6
207,9129,recurring,100,NULL,FALSE,TRUE,42:39.3,42:39.3,42:39.2,42:39.2
208,9132,recurring,100,NULL,FALSE,TRUE,52:38.5,52:38.5,52:38.5,52:38.5
209,9134,recurring,100,NULL,FALSE,TRUE,56:40.1,56:40.1,56:40.0,56:40.0
210,9143,recurring,100,NULL,FALSE,TRUE,45:15.1,45:15.1,45:15.1,45:15.1
211,9145,recurring,100,NULL,FALSE,TRUE,45:13.0,45:13.0,45:13.0,45:13.0
212,9146,recurring,100,NULL,FALSE,TRUE,48:52.6,48:52.6,48:52.6,48:52.6
213,9154,recurring,100,NULL,FALSE,TRUE,27:35.6,27:35.6,27:35.6,27:35.6
214,9155,recurring,100,NULL,FALSE,TRUE,30:07.1,30:07.1,30:07.0,30:07.0
215,9156,recurring,100,NULL,FALSE,TRUE,32:52.6,32:52.6,32:52.6,32:52.6
216,9160,recurring,100,NULL,FALSE,TRUE,57:35.2,57:35.2,57:35.2,57:35.2
217,9161,recurring,100,NULL,FALSE,TRUE,57:39.8,57:39.8,57:39.8,57:39.8
218,9169,recurring,100,NULL,FALSE,TRUE,39:03.0,39:03.0,39:02.9,39:02.9
219,9170,recurring,100,NULL,FALSE,TRUE,42:02.7,42:02.7,42:02.6,42:02.6
220,9179,recurring,100,NULL,FALSE,TRUE,00:54.0,00:54.0,00:54.0,00:54.0
221,9185,recurring,100,NULL,FALSE,TRUE,31:23.9,31:23.9,31:23.9,31:23.9
222,9184,recurring,100,NULL,FALSE,TRUE,31:56.6,31:56.6,31:56.6,31:56.6
223,9189,recurring,100,NULL,FALSE,FALSE,43:26.7,43:26.7,43:26.7,43:26.7
224,9191,recurring,100,NULL,FALSE,TRUE,47:23.4,47:23.4,47:23.4,47:23.4
225,9197,recurring,100,NULL,FALSE,TRUE,28:55.1,28:55.1,28:55.1,28:55.1
226,9197,recurring,100,NULL,FALSE,TRUE,29:43.7,29:43.7,29:43.7,29:43.7
227,9205,recurring,100,NULL,FALSE,TRUE,01:26.3,01:26.3,01:26.3,01:26.3
228,9209,recurring,100,NULL,FALSE,TRUE,23:17.7,23:17.7,23:17.6,23:17.6
229,9212,recurring,100,NULL,FALSE,TRUE,16:09.9,16:09.9,16:09.9,16:09.9
230,9218,recurring,100,NULL,FALSE,TRUE,51:35.5,51:35.5,51:35.5,51:35.5
231,9218,recurring,100,NULL,FALSE,TRUE,53:08.1,53:08.1,53:08.1,53:08.1
232,9222,recurring,100,NULL,FALSE,TRUE,02:32.3,02:32.3,02:32.3,02:32.3
233,9225,recurring,100,NULL,FALSE,TRUE,05:55.6,05:55.6,05:55.6,05:55.6
234,9229,recurring,100,NULL,FALSE,TRUE,18:16.0,18:16.0,18:16.0,18:16.0
235,9231,recurring,100,NULL,FALSE,TRUE,23:07.3,23:07.3,23:07.3,23:07.3
236,9233,recurring,100,NULL,FALSE,TRUE,24:14.0,24:14.0,24:14.0,24:14.0
237,9235,recurring,100,NULL,FALSE,TRUE,27:19.2,27:19.2,27:19.2,27:19.2
238,9239,recurring,100,NULL,FALSE,TRUE,40:42.0,40:42.0,40:42.0,40:42.0
239,9242,recurring,100,NULL,FALSE,TRUE,50:07.7,50:07.7,50:07.7,50:07.7
240,9243,recurring,100,NULL,FALSE,TRUE,59:05.2,59:05.2,59:05.2,59:05.2
242,9250,recurring,100,NULL,FALSE,TRUE,00:59.2,00:59.2,00:59.1,00:59.1
243,9251,recurring,100,NULL,FALSE,TRUE,24:19.3,24:19.3,24:19.3,24:19.3
275,9354,recurring,100,NULL,FALSE,TRUE,23:35.1,23:35.1,23:35.1,23:35.1
244,9251,recurring,100,NULL,FALSE,TRUE,28:00.0,28:00.0,28:00.0,28:00.0
168,9015,recurring,NULL,0.5,TRUE,TRUE,21:54.2,NULL,21:54.2,21:54.2
263,9313,recurring,100,NULL,FALSE,TRUE,13:33.4,13:33.4,13:33.4,13:33.4
245,9253,recurring,100,NULL,FALSE,TRUE,31:59.1,31:59.1,31:59.1,31:59.1
246,9255,recurring,100,NULL,FALSE,TRUE,46:13.4,46:13.4,46:13.3,46:13.3
247,9257,recurring,100,NULL,FALSE,TRUE,52:22.7,52:22.7,52:22.7,52:22.7
248,9261,recurring,100,NULL,FALSE,TRUE,42:31.0,42:31.0,42:31.0,42:31.0
249,9268,recurring,100,NULL,FALSE,TRUE,40:04.1,40:04.1,40:04.1,40:04.1
250,9269,recurring,100,NULL,FALSE,TRUE,44:09.9,44:09.9,44:09.9,44:09.9
251,9271,recurring,100,NULL,FALSE,TRUE,54:11.9,54:11.9,54:11.9,54:11.9
252,9274,recurring,100,NULL,FALSE,FALSE,58:16.9,58:16.9,58:16.9,58:16.9
253,9274,recurring,100,NULL,FALSE,TRUE,59:29.1,59:29.1,59:29.1,59:29.1
254,9277,recurring,100,NULL,FALSE,TRUE,22:28.6,22:28.6,22:28.6,22:28.6
255,9278,recurring,100,NULL,FALSE,TRUE,33:33.1,33:33.1,33:33.1,33:33.1
256,9282,recurring,100,NULL,FALSE,TRUE,39:18.6,39:18.6,39:18.5,39:18.5
257,9283,recurring,100,NULL,FALSE,TRUE,35:44.9,35:44.9,35:44.9,35:44.9
241,9246,recurring,NULL,0.5,TRUE,TRUE,34:00.8,NULL,34:00.8,34:00.8
258,9297,recurring,100,NULL,FALSE,TRUE,19:53.5,19:53.5,19:53.5,19:53.5
259,9301,recurring,100,NULL,FALSE,TRUE,28:48.2,28:48.2,28:48.2,28:48.2
260,9302,recurring,100,NULL,FALSE,TRUE,34:35.6,34:35.6,34:35.6,34:35.6
261,9304,recurring,100,NULL,FALSE,TRUE,54:49.7,54:49.7,54:49.7,54:49.7
264,9314,recurring,100,NULL,FALSE,TRUE,14:47.6,14:47.6,14:47.5,14:47.5
265,9322,recurring,100,NULL,FALSE,TRUE,44:47.7,44:47.7,44:47.7,44:47.7
266,9328,recurring,100,NULL,FALSE,TRUE,39:40.9,39:40.9,39:40.9,39:40.9
267,9330,recurring,100,NULL,FALSE,TRUE,07:58.7,07:58.7,07:58.7,07:58.7
268,9333,recurring,100,NULL,FALSE,TRUE,44:39.0,44:39.0,44:39.0,44:39.0
262,9312,recurring,100,NULL,FALSE,FALSE,50:18.9,50:18.9,50:18.8,50:18.8
269,9335,recurring,100,NULL,FALSE,TRUE,06:51.1,06:51.1,06:51.1,06:51.1
270,9337,recurring,100,NULL,FALSE,TRUE,25:37.1,25:37.1,25:37.1,25:37.1
271,9340,recurring,100,NULL,FALSE,TRUE,38:44.7,38:44.7,38:44.7,38:44.7
272,9343,recurring,100,NULL,FALSE,FALSE,11:37.7,11:37.7,11:37.6,11:37.6
274,9350,recurring,100,NULL,FALSE,TRUE,10:21.1,10:21.1,10:21.1,10:21.1
276,9357,recurring,100,NULL,FALSE,TRUE,49:05.1,49:05.1,49:05.1,49:05.1
280,9388,recurring,100,NULL,FALSE,TRUE,41:30.0,41:30.0,41:30.0,41:30.0
283,9396,recurring,100,NULL,FALSE,TRUE,50:41.6,50:41.6,50:41.6,50:41.6
273,9349,recurring,100,NULL,FALSE,TRUE,08:14.0,08:14.0,08:13.9,08:13.9
206,8920,recurring,NULL,285.89669,TRUE,FALSE,12:58.3,NULL,12:58.3,12:58.3
281,9388,recurring,100,NULL,FALSE,TRUE,43:58.6,43:58.6,43:58.6,43:58.6
285,9401,recurring,100,NULL,FALSE,TRUE,27:49.2,27:49.2,27:49.2,27:49.2
291,9427,recurring,100,NULL,FALSE,TRUE,39:28.0,39:28.0,39:28.0,39:28.0
301,9451,recurring,100,NULL,FALSE,TRUE,27:08.1,27:08.1,27:08.1,27:08.1
306,9474,recurring,100,NULL,FALSE,TRUE,21:00.5,21:00.5,21:00.5,21:00.5
308,9477,recurring,100,NULL,FALSE,TRUE,35:30.8,35:30.8,35:30.8,35:30.8
277,9368,recurring,100,NULL,FALSE,TRUE,53:05.4,53:05.4,53:05.4,53:05.4
284,9400,recurring,100,NULL,FALSE,TRUE,24:33.0,24:33.0,24:33.0,24:33.0
289,9425,recurring,100,NULL,FALSE,TRUE,36:45.9,36:45.9,36:45.9,36:45.9
290,9426,recurring,100,NULL,FALSE,TRUE,37:35.6,37:35.6,37:35.6,37:35.6
294,9431,recurring,100,NULL,FALSE,TRUE,09:25.7,09:25.7,09:25.7,09:25.7
295,9431,recurring,100,NULL,FALSE,TRUE,09:56.4,09:56.4,09:56.4,09:56.4
298,9445,recurring,100,NULL,FALSE,TRUE,24:40.1,24:40.1,24:40.0,24:40.0
304,2058,recurring,100,NULL,FALSE,TRUE,56:51.2,56:51.2,56:51.2,56:51.2
313,372,recurring,NULL,0.5,TRUE,TRUE,28:28.6,NULL,28:28.5,28:28.5
278,9381,recurring,100,NULL,FALSE,TRUE,43:53.3,43:53.3,43:53.3,43:53.3
279,9384,recurring,100,NULL,FALSE,TRUE,26:13.5,26:13.5,26:13.5,26:13.5
286,9405,recurring,100,NULL,FALSE,TRUE,55:51.3,55:51.3,55:51.2,55:51.2
296,9437,recurring,100,NULL,FALSE,TRUE,14:44.7,14:44.7,14:44.7,14:44.7
297,9440,recurring,100,NULL,FALSE,TRUE,00:46.1,00:46.1,00:46.0,00:46.0
299,9445,recurring,100,NULL,FALSE,TRUE,25:34.9,25:34.9,25:34.9,25:34.9
300,9450,recurring,100,NULL,FALSE,TRUE,16:20.6,16:20.6,16:20.6,16:20.6
302,9451,recurring,100,NULL,FALSE,TRUE,28:07.1,28:07.1,28:07.1,28:07.1
309,2084,recurring,100,NULL,FALSE,TRUE,24:27.5,24:27.5,24:27.5,24:27.5
312,9488,recurring,100,NULL,FALSE,TRUE,31:16.6,31:16.6,31:16.6,31:16.6
282,9390,recurring,100,NULL,FALSE,TRUE,45:09.8,45:09.8,45:09.8,45:09.8
482,9638,recurring,NULL,299.8249802,TRUE,FALSE,24:30.3,NULL,24:29.8,24:29.8
287,9411,recurring,100,NULL,FALSE,TRUE,31:21.0,31:21.0,31:21.0,31:21.0
288,9423,recurring,100,NULL,FALSE,FALSE,27:46.1,27:46.1,27:46.1,27:46.1
292,9427,recurring,100,NULL,FALSE,TRUE,40:06.1,40:06.1,40:06.1,40:06.1
293,9429,recurring,100,NULL,FALSE,TRUE,31:53.0,31:53.0,31:53.0,31:53.0
303,9468,recurring,100,NULL,FALSE,TRUE,43:34.0,43:34.0,43:34.0,43:34.0
307,9475,recurring,100,NULL,FALSE,TRUE,31:37.6,31:37.6,31:37.6,31:37.6
316,372,recurring,NULL,0.5,TRUE,TRUE,29:13.6,NULL,29:13.5,29:13.5
315,372,recurring,NULL,0.5,TRUE,TRUE,29:01.7,NULL,29:01.7,29:01.7
345,54,recurring,NULL,0.5,TRUE,TRUE,26:24.9,NULL,26:24.9,26:24.9
314,372,recurring,NULL,0.5,TRUE,TRUE,28:44.0,NULL,28:44.0,28:44.0
320,9494,recurring,100,NULL,FALSE,TRUE,41:04.5,41:04.5,41:04.5,41:04.5
321,9496,recurring,100,NULL,FALSE,TRUE,28:42.1,28:42.1,28:42.1,28:42.1
322,9499,recurring,100,NULL,FALSE,TRUE,27:51.2,27:51.2,27:51.2,27:51.2
323,9501,recurring,100,NULL,FALSE,FALSE,49:56.7,49:56.7,49:56.6,49:56.6
324,9505,recurring,100,NULL,FALSE,TRUE,05:27.7,05:27.7,05:27.6,05:27.6
325,9507,recurring,100,NULL,FALSE,TRUE,07:49.0,07:49.0,07:49.0,07:49.0
326,9514,recurring,100,NULL,FALSE,TRUE,01:29.8,01:29.8,01:29.8,01:29.8
327,9518,recurring,100,NULL,FALSE,TRUE,24:35.2,24:35.2,24:35.2,24:35.2
328,9519,recurring,100,NULL,FALSE,TRUE,59:21.1,59:21.1,59:21.1,59:21.1
329,9523,recurring,100,NULL,FALSE,TRUE,41:28.3,41:28.3,41:28.3,41:28.3
318,372,recurring,NULL,283.8787249,TRUE,FALSE,41:19.9,NULL,41:19.9,41:19.9
311,372,recurring,NULL,300,TRUE,FALSE,15:41.5,NULL,15:41.5,15:41.5
317,372,recurring,NULL,271.7950279,TRUE,FALSE,29:57.4,NULL,29:56.9,29:56.9
310,372,recurring,NULL,300,TRUE,FALSE,46:19.4,NULL,46:19.4,46:19.4
330,9537,recurring,100,NULL,FALSE,TRUE,03:55.0,03:55.0,03:55.0,03:55.0
331,9539,recurring,100,NULL,FALSE,TRUE,06:39.9,06:39.9,06:39.9,06:39.9
332,9540,recurring,100,NULL,FALSE,TRUE,41:39.1,41:39.1,41:39.1,41:39.1
333,9541,recurring,100,NULL,FALSE,TRUE,53:20.9,53:20.9,53:20.9,53:20.9
334,9542,recurring,100,NULL,FALSE,TRUE,55:56.5,55:56.5,55:56.5,55:56.5
335,9543,recurring,100,NULL,FALSE,TRUE,10:19.9,10:19.9,10:19.9,10:19.9
338,9551,recurring,100,NULL,FALSE,TRUE,20:11.2,20:11.2,20:11.2,20:11.2
339,9552,recurring,100,NULL,FALSE,TRUE,51:14.1,51:14.1,51:14.1,51:14.1
341,9553,recurring,100,NULL,FALSE,TRUE,36:30.8,36:30.8,36:30.8,36:30.8
342,9557,recurring,100,NULL,FALSE,TRUE,10:09.5,10:09.5,10:09.5,10:09.5
343,9561,recurring,100,NULL,FALSE,TRUE,52:50.2,52:50.2,52:50.1,52:50.1
344,9563,recurring,100,NULL,FALSE,TRUE,25:52.8,25:52.8,25:52.7,25:52.7
340,59,recurring,NULL,300,TRUE,FALSE,25:09.7,NULL,25:09.7,25:09.7
346,9572,recurring,100,NULL,FALSE,TRUE,04:43.9,04:43.9,04:43.9,04:43.9
347,9575,recurring,100,NULL,FALSE,TRUE,13:54.5,13:54.5,13:54.5,13:54.5
348,9584,recurring,100,NULL,FALSE,TRUE,12:20.0,12:20.0,12:19.9,12:19.9
349,9587,recurring,100,NULL,FALSE,TRUE,53:28.8,53:28.8,53:28.7,53:28.7
371,372,recurring,NULL,300,TRUE,FALSE,58:39.1,NULL,58:39.1,58:39.1
364,5122,recurring,NULL,300,TRUE,FALSE,31:11.5,NULL,31:11.5,31:11.5
350,9588,recurring,100,NULL,FALSE,TRUE,31:58.6,31:58.6,31:58.6,31:58.6
351,9591,recurring,100,NULL,FALSE,TRUE,41:10.9,41:10.9,41:10.9,41:10.9
353,9596,recurring,100,NULL,FALSE,TRUE,08:52.2,08:52.2,08:52.2,08:52.2
354,9598,recurring,100,NULL,FALSE,TRUE,47:17.1,47:17.1,47:17.1,47:17.1
355,9587,recurring,100,NULL,FALSE,TRUE,29:34.2,29:34.2,29:34.2,29:34.2
356,9587,recurring,100,NULL,FALSE,TRUE,31:05.2,31:05.2,31:05.2,31:05.2
357,9587,recurring,100,NULL,FALSE,TRUE,31:44.6,31:44.6,31:44.6,31:44.6
358,9587,recurring,100,NULL,FALSE,TRUE,34:38.9,34:38.9,34:38.8,34:38.8
319,372,recurring,NULL,0.5,TRUE,TRUE,25:11.7,NULL,25:11.7,25:11.7
352,5122,recurring,NULL,288.811844,TRUE,FALSE,42:58.3,NULL,42:58.3,42:58.3
365,2299,recurring,NULL,300,TRUE,FALSE,45:39.3,NULL,45:39.3,45:39.3
369,8935,recurring,NULL,300,TRUE,TRUE,27:09.0,NULL,27:09.0,27:09.0
337,2299,recurring,NULL,256.431116,TRUE,FALSE,51:08.4,NULL,51:08.4,51:08.4
370,372,recurring,NULL,196.7914168,TRUE,FALSE,34:00.6,NULL,34:00.6,34:00.6
363,5122,recurring,NULL,0.5,TRUE,TRUE,30:03.2,NULL,30:03.2,30:03.2
336,2299,recurring,NULL,300,TRUE,FALSE,41:34.1,NULL,41:34.0,41:34.0
366,2299,recurring,NULL,300,TRUE,FALSE,46:58.4,NULL,46:58.4,46:58.4
367,2299,recurring,NULL,225.051764,TRUE,FALSE,48:09.7,NULL,48:09.7,48:09.7
376,2150,recurring,100,NULL,FALSE,TRUE,02:30.5,02:30.5,02:30.5,02:30.5
360,5282,recurring,NULL,215.4854891,TRUE,FALSE,16:26.9,NULL,16:26.9,16:26.9
373,2058,recurring,100,NULL,FALSE,TRUE,41:50.1,41:50.1,41:50.1,41:50.1
374,9621,recurring,100,NULL,FALSE,TRUE,45:24.7,45:24.7,45:24.6,45:24.6
375,720,recurring,100,NULL,FALSE,TRUE,28:20.6,28:20.6,28:20.5,28:20.5
305,54,recurring,NULL,294.2077907,TRUE,FALSE,07:33.8,NULL,07:33.8,07:33.8
377,2150,recurring,100,NULL,FALSE,TRUE,02:51.3,02:51.3,02:51.3,02:51.3
378,2150,recurring,100,NULL,FALSE,TRUE,03:03.8,03:03.8,03:03.8,03:03.8
379,2150,recurring,100,NULL,FALSE,TRUE,03:16.5,03:16.5,03:16.5,03:16.5
372,4769,recurring,NULL,148.0144506,TRUE,FALSE,38:55.6,NULL,38:55.6,38:55.6
361,5282,recurring,NULL,300,TRUE,FALSE,24:03.2,NULL,24:03.1,24:03.1
359,5282,recurring,NULL,298.3105203,TRUE,FALSE,15:15.4,NULL,15:15.4,15:15.4
362,5122,recurring,NULL,217.6424454,TRUE,TRUE,29:19.1,NULL,29:19.1,29:19.1
380,8995,recurring,100,NULL,FALSE,TRUE,05:15.7,05:15.7,05:15.7,05:15.7
382,8995,recurring,100,NULL,FALSE,TRUE,06:11.2,06:11.2,06:11.2,06:11.2
386,8995,recurring,100,NULL,FALSE,TRUE,10:57.2,10:57.2,10:57.2,10:57.2
388,2150,recurring,100,NULL,FALSE,TRUE,13:18.5,13:18.5,13:18.5,13:18.5
390,8995,recurring,100,NULL,FALSE,TRUE,14:45.4,14:45.4,14:45.4,14:45.4
391,8995,recurring,100,NULL,FALSE,TRUE,17:10.3,17:10.3,17:10.3,17:10.3
392,8995,recurring,100,NULL,FALSE,TRUE,17:31.1,17:31.1,17:31.1,17:31.1
401,8995,recurring,100,NULL,FALSE,TRUE,24:25.6,24:25.6,24:25.6,24:25.6
405,8995,recurring,100,NULL,FALSE,TRUE,26:44.1,26:44.1,26:44.1,26:44.1
409,8995,recurring,100,NULL,FALSE,TRUE,30:31.3,30:31.3,30:31.2,30:31.2
411,8995,recurring,100,NULL,FALSE,TRUE,33:04.1,33:04.1,33:04.0,33:04.0
412,8995,recurring,100,NULL,FALSE,TRUE,33:20.7,33:20.7,33:20.6,33:20.6
425,8995,recurring,100,NULL,FALSE,TRUE,49:01.3,49:01.3,49:01.2,49:01.2
430,59,recurring,NULL,299.3735481,TRUE,TRUE,21:21.1,NULL,21:21.1,21:21.1
368,8935,recurring,NULL,257.9585686,TRUE,FALSE,25:33.9,NULL,25:33.9,25:33.9
381,2150,recurring,100,NULL,FALSE,TRUE,05:21.3,05:21.3,05:21.3,05:21.3
396,8995,recurring,100,NULL,FALSE,TRUE,19:07.6,19:07.6,19:07.6,19:07.6
403,8995,recurring,100,NULL,FALSE,TRUE,25:49.1,25:49.1,25:49.1,25:49.1
413,8995,recurring,100,NULL,FALSE,TRUE,33:39.1,33:39.1,33:39.1,33:39.1
417,8995,recurring,100,NULL,FALSE,TRUE,37:50.3,37:50.3,37:50.3,37:50.3
423,8995,recurring,100,NULL,FALSE,TRUE,41:55.8,41:55.8,41:55.7,41:55.7
434,9641,recurring,100,NULL,FALSE,TRUE,52:32.4,52:32.4,52:32.3,52:32.3
436,9641,recurring,100,NULL,FALSE,TRUE,57:23.0,57:23.0,57:23.0,57:23.0
383,8995,recurring,100,NULL,FALSE,TRUE,06:42.9,06:42.9,06:42.9,06:42.9
384,8995,recurring,100,NULL,FALSE,TRUE,09:35.3,09:35.3,09:35.3,09:35.3
393,8995,recurring,100,NULL,FALSE,TRUE,17:51.5,17:51.5,17:51.5,17:51.5
395,8995,recurring,100,NULL,FALSE,TRUE,18:39.3,18:39.3,18:39.2,18:39.2
397,8995,recurring,100,NULL,FALSE,TRUE,19:23.5,19:23.5,19:23.5,19:23.5
408,8995,recurring,100,NULL,FALSE,TRUE,30:05.3,30:05.3,30:05.2,30:05.2
414,8995,recurring,100,NULL,FALSE,TRUE,33:41.4,33:41.4,33:41.3,33:41.3
418,8995,recurring,100,NULL,FALSE,TRUE,39:48.8,39:48.8,39:48.8,39:48.8
421,8995,recurring,100,NULL,FALSE,TRUE,41:32.6,41:32.6,41:32.6,41:32.6
422,8995,recurring,100,NULL,FALSE,TRUE,41:41.9,41:41.9,41:41.8,41:41.8
424,8995,recurring,100,NULL,FALSE,TRUE,44:03.4,44:03.4,44:03.3,44:03.3
427,8995,recurring,100,NULL,FALSE,TRUE,49:35.9,49:35.9,49:35.9,49:35.9
435,9641,recurring,100,NULL,FALSE,TRUE,57:01.6,57:01.6,57:01.6,57:01.6
385,8995,recurring,100,NULL,FALSE,TRUE,09:48.3,09:48.3,09:48.2,09:48.2
387,2150,recurring,100,NULL,FALSE,TRUE,12:21.4,12:21.4,12:21.3,12:21.3
389,2150,recurring,100,NULL,FALSE,TRUE,13:55.0,13:55.0,13:55.0,13:55.0
394,8995,recurring,100,NULL,FALSE,TRUE,18:25.5,18:25.5,18:25.5,18:25.5
398,8995,recurring,100,NULL,FALSE,TRUE,21:14.8,21:14.8,21:14.7,21:14.7
399,8995,recurring,100,NULL,FALSE,TRUE,22:12.4,22:12.4,22:12.4,22:12.4
400,8995,recurring,100,NULL,FALSE,TRUE,24:09.1,24:09.1,24:09.1,24:09.1
402,8995,recurring,100,NULL,FALSE,TRUE,25:29.0,25:29.0,25:29.0,25:29.0
404,8995,recurring,100,NULL,FALSE,TRUE,26:06.5,26:06.5,26:06.5,26:06.5
406,8995,recurring,100,NULL,FALSE,TRUE,29:00.5,29:00.5,29:00.4,29:00.4
407,8995,recurring,100,NULL,FALSE,TRUE,29:21.0,29:21.0,29:21.0,29:21.0
410,8995,recurring,100,NULL,FALSE,TRUE,32:32.1,32:32.1,32:32.1,32:32.1
415,8995,recurring,100,NULL,FALSE,TRUE,36:52.4,36:52.4,36:52.4,36:52.4
416,8995,recurring,100,NULL,FALSE,TRUE,37:08.0,37:08.0,37:08.0,37:08.0
419,8995,recurring,100,NULL,FALSE,TRUE,40:09.2,40:09.2,40:09.1,40:09.1
420,8995,recurring,100,NULL,FALSE,TRUE,41:09.4,41:09.4,41:09.3,41:09.3
426,8995,recurring,100,NULL,FALSE,TRUE,49:17.8,49:17.8,49:17.8,49:17.8
428,8995,recurring,100,NULL,FALSE,TRUE,52:12.8,52:12.8,52:12.8,52:12.8
429,8995,recurring,100,NULL,FALSE,TRUE,56:12.1,56:12.1,56:12.1,56:12.1
431,9633,recurring,100,NULL,FALSE,TRUE,07:18.1,07:18.1,07:18.1,07:18.1
432,7,recurring,100,NULL,FALSE,TRUE,26:11.8,26:11.8,26:11.8,26:11.8
433,9641,recurring,100,NULL,FALSE,TRUE,48:42.2,48:42.2,48:42.1,48:42.1
437,9638,recurring,100,NULL,FALSE,TRUE,13:43.1,13:43.1,13:43.1,13:43.1
438,9638,recurring,NULL,300,TRUE,TRUE,32:45.7,NULL,32:45.7,32:45.7
441,9638,recurring,NULL,300,TRUE,TRUE,42:57.0,NULL,42:57.0,42:57.0
445,2299,recurring,NULL,300,TRUE,TRUE,53:34.5,NULL,53:34.5,53:34.5
473,9661,recurring,100,NULL,FALSE,TRUE,12:33.6,12:33.6,12:33.6,12:33.6
448,4769,recurring,NULL,300,TRUE,FALSE,02:47.8,NULL,02:47.8,02:47.8
479,9638,recurring,NULL,300,TRUE,FALSE,19:33.6,NULL,19:33.5,19:33.5
462,9653,recurring,100,NULL,FALSE,TRUE,04:21.1,04:21.1,04:21.1,04:21.1
443,8935,recurring,NULL,233.060633,TRUE,FALSE,28:36.8,NULL,28:36.7,28:36.7
471,2283,recurring,NULL,300,TRUE,FALSE,45:21.6,NULL,45:21.6,45:21.6
461,9638,recurring,NULL,300,TRUE,FALSE,07:33.0,NULL,07:33.0,07:33.0
475,4769,recurring,NULL,300,TRUE,FALSE,15:36.4,NULL,15:36.4,15:36.4
464,9638,recurring,NULL,0.5,TRUE,TRUE,05:25.6,NULL,05:25.6,05:25.6
465,9654,recurring,100,NULL,FALSE,TRUE,31:10.9,31:10.9,31:10.9,31:10.9
466,9657,recurring,100,NULL,FALSE,TRUE,42:15.5,42:15.5,42:15.5,42:15.5
468,9658,recurring,100,NULL,FALSE,TRUE,43:43.3,43:43.3,43:43.3,43:43.3
469,9658,recurring,100,NULL,FALSE,TRUE,44:31.7,44:31.7,44:31.7,44:31.7
470,9659,recurring,100,NULL,FALSE,TRUE,36:26.6,36:26.6,36:26.6,36:26.6
450,8920,recurring,NULL,158.9107376,TRUE,FALSE,04:28.4,NULL,04:28.3,04:28.3
451,8920,recurring,NULL,300,TRUE,FALSE,07:47.2,NULL,07:47.2,07:47.2
456,5122,recurring,NULL,300,TRUE,FALSE,10:06.0,NULL,10:06.0,10:06.0
452,8920,recurring,NULL,196.9435082,TRUE,FALSE,09:32.9,NULL,09:32.9,09:32.9
474,2283,recurring,NULL,54.91661078,TRUE,FALSE,42:08.2,NULL,42:08.2,42:08.2
442,59,recurring,NULL,219.7969146,TRUE,FALSE,33:03.6,NULL,33:03.6,33:03.6
454,5122,recurring,NULL,298.4373053,TRUE,TRUE,07:58.6,NULL,07:58.6,07:58.6
481,9638,recurring,NULL,300,TRUE,FALSE,22:29.0,NULL,22:29.0,22:29.0
455,5122,recurring,NULL,0.5,TRUE,TRUE,09:17.4,NULL,09:17.3,09:17.3
488,45,recurring,NULL,300,TRUE,FALSE,17:38.3,NULL,17:38.3,17:38.3
489,4,recurring,100,NULL,FALSE,TRUE,08:46.0,08:46.0,08:46.0,08:46.0
490,9669,recurring,100,NULL,FALSE,TRUE,51:03.7,51:03.7,51:03.7,51:03.7
491,9670,recurring,100,NULL,FALSE,TRUE,02:14.7,02:14.7,02:14.7,02:14.7
492,9670,recurring,100,NULL,FALSE,TRUE,04:11.3,04:11.3,04:11.3,04:11.3
476,4769,recurring,NULL,264.2719939,TRUE,TRUE,19:15.4,NULL,19:15.4,19:15.4
472,2283,recurring,NULL,39.42042313,TRUE,FALSE,52:11.7,NULL,52:11.6,52:11.6
467,2283,recurring,NULL,119.0475218,TRUE,FALSE,44:11.5,NULL,44:11.5,44:11.5
453,4769,recurring,NULL,0.5,TRUE,TRUE,00:06.3,NULL,00:06.3,00:06.3
458,8935,recurring,NULL,187.9705766,TRUE,FALSE,15:30.8,NULL,15:30.7,15:30.7
477,9638,recurring,NULL,297.6148033,TRUE,TRUE,17:55.9,NULL,17:55.9,17:55.9
478,9638,recurring,NULL,271.4597871,TRUE,FALSE,18:51.4,NULL,18:51.4,18:51.4
486,6782,recurring,NULL,290.813633,TRUE,FALSE,36:10.2,NULL,36:10.2,36:10.2
487,6782,recurring,NULL,300,TRUE,FALSE,37:26.8,NULL,37:26.8,37:26.8
485,6782,recurring,NULL,300,TRUE,FALSE,34:09.0,NULL,34:08.9,34:08.9
484,6782,recurring,NULL,300,TRUE,FALSE,32:48.5,NULL,32:48.5,32:48.5
459,8935,recurring,NULL,260.5807921,TRUE,FALSE,16:21.7,NULL,16:21.7,16:21.7
457,8935,recurring,NULL,18.61399405,TRUE,TRUE,15:01.1,NULL,15:01.0,15:01.0
440,9638,recurring,NULL,53.32990545,TRUE,FALSE,39:26.5,NULL,39:26.5,39:26.5
463,9638,recurring,NULL,200,TRUE,FALSE,04:27.8,NULL,04:27.8,04:27.8
480,9638,recurring,NULL,300,TRUE,FALSE,21:49.1,NULL,21:49.0,21:49.0
439,9638,recurring,NULL,193.3045543,TRUE,FALSE,37:45.1,NULL,37:45.1,37:45.1
460,8935,recurring,NULL,289.1200745,TRUE,FALSE,17:30.2,NULL,17:30.2,17:30.2
449,4769,recurring,NULL,300,TRUE,FALSE,04:28.2,NULL,04:28.2,04:28.2
446,2299,recurring,NULL,281.8447675,TRUE,FALSE,56:07.8,NULL,56:07.7,56:07.7
493,9670,recurring,100,NULL,FALSE,TRUE,05:16.6,05:16.6,05:16.5,05:16.5
494,9670,recurring,100,NULL,FALSE,TRUE,05:55.9,05:55.9,05:55.8,05:55.8
497,9670,recurring,100,NULL,FALSE,TRUE,07:23.9,07:23.9,07:23.9,07:23.9
498,9670,recurring,100,NULL,FALSE,TRUE,07:55.3,07:55.3,07:55.3,07:55.3
495,9670,recurring,100,NULL,FALSE,TRUE,06:16.2,06:16.2,06:16.2,06:16.2
496,9670,recurring,100,NULL,FALSE,TRUE,07:06.1,07:06.1,07:06.1,07:06.1
499,9670,recurring,100,NULL,FALSE,TRUE,11:40.7,11:40.7,11:40.7,11:40.7
500,9670,recurring,100,NULL,FALSE,TRUE,12:07.4,12:07.4,12:07.4,12:07.4
501,9670,recurring,100,NULL,FALSE,TRUE,12:23.8,12:23.8,12:23.7,12:23.7
502,9670,recurring,100,NULL,FALSE,TRUE,12:52.3,12:52.3,12:52.3,12:52.3
503,9670,recurring,100,NULL,FALSE,TRUE,13:09.2,13:09.2,13:09.2,13:09.2
504,9670,recurring,100,NULL,FALSE,TRUE,15:31.7,15:31.7,15:31.7,15:31.7
505,9670,recurring,100,NULL,FALSE,TRUE,15:57.4,15:57.4,15:57.4,15:57.4
506,9670,recurring,100,NULL,FALSE,TRUE,16:15.2,16:15.2,16:15.1,16:15.1
507,9670,recurring,100,NULL,FALSE,TRUE,16:29.5,16:29.5,16:29.5,16:29.5
508,9670,recurring,100,NULL,FALSE,TRUE,16:54.2,16:54.2,16:54.2,16:54.2
509,9670,recurring,100,NULL,FALSE,TRUE,17:13.8,17:13.8,17:13.7,17:13.7
510,9670,recurring,100,NULL,FALSE,TRUE,18:01.6,18:01.6,18:01.6,18:01.6
511,9670,recurring,100,NULL,FALSE,TRUE,18:23.3,18:23.3,18:23.2,18:23.2
512,9670,recurring,100,NULL,FALSE,TRUE,18:39.4,18:39.4,18:39.1,18:39.1
513,9670,recurring,100,NULL,FALSE,TRUE,21:15.6,21:15.6,21:15.6,21:15.6
514,9670,recurring,100,NULL,FALSE,TRUE,21:34.0,21:34.0,21:33.9,21:33.9
515,9670,recurring,100,NULL,FALSE,TRUE,21:53.3,21:53.3,21:53.2,21:53.2
516,9670,recurring,100,NULL,FALSE,TRUE,22:12.0,22:12.0,22:11.9,22:11.9
517,9670,recurring,100,NULL,FALSE,TRUE,22:23.2,22:23.2,22:23.1,22:23.1
518,9670,recurring,100,NULL,FALSE,TRUE,22:33.6,22:33.6,22:33.6,22:33.6
519,9670,recurring,100,NULL,FALSE,TRUE,23:19.4,23:19.4,23:19.4,23:19.4
520,9670,recurring,100,NULL,FALSE,TRUE,23:33.1,23:33.1,23:33.1,23:33.1
521,9670,recurring,100,NULL,FALSE,TRUE,24:46.7,24:46.7,24:46.6,24:46.6
522,9670,recurring,100,NULL,FALSE,TRUE,24:56.8,24:56.8,24:56.7,24:56.7
523,9670,recurring,100,NULL,FALSE,TRUE,25:23.6,25:23.6,25:23.6,25:23.6
524,9670,recurring,100,NULL,FALSE,TRUE,28:51.1,28:51.1,28:51.0,28:51.0
525,9670,recurring,100,NULL,FALSE,TRUE,29:21.7,29:21.7,29:21.6,29:21.6
526,9670,recurring,100,NULL,FALSE,TRUE,29:46.7,29:46.7,29:46.6,29:46.6
527,9670,recurring,100,NULL,FALSE,TRUE,29:58.0,29:58.0,29:57.9,29:57.9
528,9670,recurring,100,NULL,FALSE,TRUE,30:09.1,30:09.1,30:09.1,30:09.1
529,9670,recurring,100,NULL,FALSE,TRUE,30:20.0,30:20.0,30:19.9,30:19.9
530,9670,recurring,100,NULL,FALSE,TRUE,30:41.9,30:41.9,30:41.9,30:41.9
531,9670,recurring,100,NULL,FALSE,TRUE,30:58.7,30:58.7,30:58.7,30:58.7
532,9670,recurring,100,NULL,FALSE,TRUE,31:12.0,31:12.0,31:11.9,31:11.9
533,9670,recurring,100,NULL,FALSE,TRUE,31:22.9,31:22.9,31:22.8,31:22.8
534,9670,recurring,100,NULL,FALSE,TRUE,31:35.5,31:35.5,31:35.4,31:35.4
535,9670,recurring,100,NULL,FALSE,TRUE,31:48.3,31:48.3,31:48.3,31:48.3
536,9670,recurring,100,NULL,FALSE,TRUE,32:05.6,32:05.6,32:05.6,32:05.6
537,9670,recurring,100,NULL,FALSE,TRUE,32:27.8,32:27.8,32:27.7,32:27.7
538,9670,recurring,100,NULL,FALSE,TRUE,32:46.5,32:46.5,32:46.4,32:46.4
540,8997,recurring,100,NULL,FALSE,TRUE,55:52.9,55:52.9,55:52.9,55:52.9
541,8997,recurring,100,NULL,FALSE,TRUE,05:21.5,05:21.5,05:21.4,05:21.4
542,8997,recurring,100,NULL,FALSE,TRUE,07:11.0,07:11.0,07:11.0,07:11.0
543,8997,recurring,100,NULL,FALSE,TRUE,08:03.5,08:03.5,08:03.5,08:03.5
544,8997,recurring,100,NULL,FALSE,TRUE,08:03.6,08:03.6,08:03.6,08:03.6
545,9672,recurring,100,NULL,FALSE,TRUE,41:35.6,41:35.6,41:35.5,41:35.5
547,9672,recurring,100,NULL,FALSE,TRUE,44:06.1,44:06.1,44:06.1,44:06.1
548,9672,recurring,100,NULL,FALSE,TRUE,44:21.8,44:21.8,44:21.8,44:21.8
551,9672,recurring,100,NULL,FALSE,TRUE,46:21.5,46:21.5,46:21.4,46:21.4
553,9672,recurring,100,NULL,FALSE,TRUE,47:47.9,47:47.9,47:47.8,47:47.8
555,9672,recurring,100,NULL,FALSE,TRUE,49:24.9,49:24.9,49:24.9,49:24.9
557,9672,recurring,100,NULL,FALSE,TRUE,50:40.1,50:40.1,50:40.1,50:40.1
559,9672,recurring,100,NULL,FALSE,TRUE,51:57.6,51:57.6,51:57.4,51:57.4
561,9638,recurring,NULL,0.5,TRUE,TRUE,59:25.2,NULL,59:25.1,59:25.1
447,2299,recurring,NULL,0.5,TRUE,TRUE,58:07.6,NULL,58:07.6,58:07.6
567,6782,recurring,NULL,300,TRUE,TRUE,19:44.2,NULL,19:44.2,19:44.2
572,9643,recurring,NULL,300,TRUE,TRUE,29:14.0,NULL,29:13.9,29:13.9
560,9643,recurring,NULL,233.4624432,TRUE,FALSE,52:19.6,NULL,52:19.5,52:19.5
550,9643,recurring,NULL,256.0745975,TRUE,FALSE,45:14.8,NULL,45:14.7,45:14.7
562,9643,recurring,NULL,300,TRUE,FALSE,07:20.2,NULL,07:20.2,07:20.2
573,9643,recurring,NULL,114.4873629,TRUE,TRUE,35:44.5,NULL,35:44.4,35:44.4
571,6782,recurring,NULL,271.9833869,TRUE,FALSE,25:45.1,NULL,25:45.1,25:45.1
549,9643,recurring,NULL,295.6931191,TRUE,FALSE,45:13.3,NULL,45:13.3,45:13.3
483,9638,recurring,NULL,260.4870481,TRUE,TRUE,00:11.7,NULL,00:11.6,00:11.6
564,9643,recurring,NULL,153.4612685,TRUE,TRUE,10:46.2,NULL,10:46.2,10:46.2
554,9643,recurring,NULL,241.3945812,TRUE,FALSE,48:17.8,NULL,48:17.8,48:17.8
566,6782,recurring,NULL,269.1831445,TRUE,FALSE,16:42.7,NULL,16:42.7,16:42.7
568,6782,recurring,NULL,300,TRUE,FALSE,21:27.7,NULL,21:27.7,21:27.7
570,6782,recurring,NULL,300,TRUE,FALSE,23:43.4,NULL,23:43.4,23:43.4
539,1426,recurring,NULL,0.5,TRUE,TRUE,36:29.2,NULL,36:29.2,36:29.2
569,6782,recurring,NULL,110.6980697,TRUE,FALSE,22:30.1,NULL,22:30.1,22:30.1
563,9643,recurring,NULL,263.1727998,TRUE,FALSE,09:01.1,NULL,09:01.1,09:01.1
556,9643,recurring,NULL,31.66843845,TRUE,FALSE,49:34.1,NULL,49:34.0,49:34.0
552,9643,recurring,NULL,156.3216954,TRUE,FALSE,46:48.2,NULL,46:48.2,46:48.2
546,9643,recurring,NULL,0.5,TRUE,TRUE,41:57.5,NULL,41:57.5,41:57.5
577,9643,recurring,NULL,300,TRUE,FALSE,46:44.5,NULL,46:44.5,46:44.5
582,45,recurring,NULL,279.594228,TRUE,TRUE,30:25.3,NULL,30:25.2,30:25.2
574,9643,recurring,NULL,221.0896848,TRUE,FALSE,38:09.6,NULL,38:09.6,38:09.6
575,9643,recurring,NULL,267.6915558,TRUE,FALSE,39:54.8,NULL,39:54.7,39:54.7
581,1146,recurring,NULL,300,TRUE,FALSE,21:28.5,NULL,21:28.5,21:28.5
576,9643,recurring,NULL,0.5,TRUE,TRUE,44:33.1,NULL,44:33.1,44:33.1
578,9643,recurring,NULL,290.1140462,TRUE,FALSE,48:53.1,NULL,48:53.1,48:53.1
579,9643,recurring,NULL,300,TRUE,FALSE,52:37.6,NULL,52:37.5,52:37.5
444,2299,recurring,NULL,41.11180239,TRUE,FALSE,48:29.8,NULL,48:29.8,48:29.8
585,9675,recurring,100,NULL,FALSE,TRUE,38:36.8,38:36.8,38:36.8,38:36.8
586,9675,recurring,100,NULL,FALSE,TRUE,38:58.1,38:58.1,38:58.1,38:58.1
587,9675,recurring,100,NULL,FALSE,TRUE,39:17.8,39:17.8,39:17.8,39:17.8
588,9675,recurring,100,NULL,FALSE,TRUE,39:36.8,39:36.8,39:36.8,39:36.8
589,9675,recurring,100,NULL,FALSE,TRUE,40:03.3,40:03.3,40:03.3,40:03.3
590,9675,recurring,100,NULL,FALSE,TRUE,40:17.8,40:17.8,40:17.8,40:17.8
591,9675,recurring,100,NULL,FALSE,TRUE,41:21.2,41:21.2,41:21.2,41:21.2
592,9675,recurring,100,NULL,FALSE,TRUE,41:44.2,41:44.2,41:44.1,41:44.1
593,9675,recurring,100,NULL,FALSE,TRUE,42:05.4,42:05.4,42:05.4,42:05.4
594,9675,recurring,100,NULL,FALSE,TRUE,42:22.4,42:22.4,42:22.3,42:22.3
595,9675,recurring,100,NULL,FALSE,TRUE,42:43.3,42:43.3,42:43.3,42:43.3
599,9638,recurring,NULL,300,TRUE,TRUE,49:13.0,NULL,49:12.9,49:12.9
601,9638,recurring,NULL,300,TRUE,TRUE,51:17.4,NULL,51:17.4,51:17.4
608,2299,recurring,NULL,300,TRUE,TRUE,59:00.3,NULL,59:00.3,59:00.3
623,4769,recurring,NULL,53.28921423,TRUE,FALSE,03:51.7,NULL,03:51.6,03:51.6
596,9638,recurring,NULL,278.5822096,TRUE,TRUE,46:27.8,NULL,46:27.8,46:27.8
600,9638,recurring,NULL,295.3478755,TRUE,TRUE,50:40.2,NULL,50:40.1,50:40.1
609,2299,recurring,NULL,300,TRUE,TRUE,00:09.3,NULL,00:09.3,00:09.3
598,9638,recurring,NULL,241.4019118,TRUE,FALSE,47:51.4,NULL,47:51.3,47:51.3
610,2299,recurring,NULL,300,TRUE,TRUE,00:35.2,NULL,00:35.2,00:35.2
658,9643,recurring,NULL,300,TRUE,FALSE,38:22.3,NULL,38:22.3,38:22.3
558,9643,recurring,NULL,204.898594,TRUE,FALSE,51:27.7,NULL,51:27.7,51:27.7
613,8935,recurring,NULL,300,TRUE,TRUE,43:34.6,NULL,43:34.6,43:34.6
627,9643,recurring,NULL,300,TRUE,TRUE,18:48.0,NULL,18:48.0,18:48.0
629,9643,recurring,NULL,300,TRUE,FALSE,23:15.7,NULL,23:15.6,23:15.6
632,9643,recurring,NULL,300,TRUE,TRUE,41:26.3,NULL,41:26.3,41:26.3
565,6782,recurring,NULL,300,TRUE,FALSE,16:01.7,NULL,16:01.6,16:01.6
649,6782,recurring,NULL,300,TRUE,FALSE,02:00.7,NULL,02:00.7,02:00.7
655,9643,recurring,NULL,300,TRUE,TRUE,25:24.5,NULL,25:24.5,25:24.5
583,9643,recurring,NULL,291.2878772,TRUE,FALSE,38:51.4,NULL,38:51.4,38:51.4
616,8935,recurring,NULL,21.87273265,TRUE,TRUE,46:24.5,NULL,46:24.5,46:24.5
597,9638,recurring,NULL,274.6413154,TRUE,FALSE,46:30.5,NULL,46:30.5,46:30.5
626,9643,recurring,NULL,0.5,TRUE,TRUE,10:25.0,NULL,10:25.0,10:25.0
603,6782,recurring,NULL,101.2009978,TRUE,TRUE,54:20.8,NULL,54:20.8,54:20.8
614,8935,recurring,NULL,203.4704608,TRUE,TRUE,44:40.5,NULL,44:40.5,44:40.5
642,9643,recurring,NULL,112.5800124,TRUE,TRUE,25:28.4,NULL,25:28.4,25:28.4
612,5282,recurring,NULL,276.6689339,TRUE,FALSE,32:19.9,NULL,32:19.9,32:19.9
637,9643,recurring,NULL,207.6054387,TRUE,FALSE,03:55.9,NULL,03:55.9,03:55.9
584,2315,recurring,NULL,39.60860566,TRUE,FALSE,24:19.7,NULL,24:19.7,24:19.7
628,9643,recurring,NULL,256.5597237,TRUE,TRUE,21:30.8,NULL,21:30.7,21:30.7
619,5282,recurring,NULL,300,TRUE,FALSE,23:59.4,NULL,23:59.3,23:59.3
630,9643,recurring,NULL,269.3321896,TRUE,TRUE,25:21.9,NULL,25:21.9,25:21.9
618,8935,recurring,NULL,300,TRUE,FALSE,56:45.5,NULL,56:45.4,56:45.4
652,6782,recurring,NULL,300,TRUE,FALSE,07:35.6,NULL,07:35.5,07:35.5
643,9643,recurring,NULL,278.1216206,TRUE,FALSE,38:35.0,NULL,38:35.0,38:35.0
635,9643,recurring,NULL,0.5,TRUE,TRUE,53:30.5,NULL,53:30.4,53:30.4
624,4769,recurring,NULL,0.5,TRUE,TRUE,57:50.9,NULL,57:50.9,57:50.9
620,4769,recurring,NULL,300,TRUE,FALSE,33:15.6,NULL,33:15.5,33:15.5
611,5282,recurring,NULL,235.799764,TRUE,TRUE,31:35.9,NULL,31:35.9,31:35.9
625,9643,recurring,NULL,0.5,TRUE,TRUE,08:52.0,NULL,08:51.9,08:51.9
636,9643,recurring,NULL,294.134723,TRUE,FALSE,59:12.0,NULL,59:12.0,59:12.0
641,9643,recurring,NULL,300,TRUE,FALSE,22:21.4,NULL,22:21.4,22:21.4
653,9643,recurring,NULL,95.22024544,TRUE,FALSE,18:42.1,NULL,18:42.1,18:42.1
606,2299,recurring,NULL,0.5,TRUE,TRUE,58:12.1,NULL,58:12.1,58:12.1
580,9643,recurring,NULL,294.1105837,TRUE,FALSE,05:15.1,NULL,05:15.0,05:15.0
646,6782,recurring,NULL,274.8461302,TRUE,FALSE,51:35.9,NULL,51:35.8,51:35.8
650,6782,recurring,NULL,300,TRUE,FALSE,03:52.1,NULL,03:52.1,03:52.1
615,8935,recurring,NULL,281.2522259,TRUE,FALSE,46:10.6,NULL,46:10.6,46:10.6
617,8935,recurring,NULL,300,TRUE,FALSE,56:18.6,NULL,56:18.6,56:18.6
639,9643,recurring,NULL,0.5,TRUE,TRUE,15:57.8,NULL,15:57.8,15:57.8
638,9643,recurring,NULL,297.7405655,TRUE,FALSE,09:23.1,NULL,09:23.0,09:23.0
640,9643,recurring,NULL,257.5792193,TRUE,FALSE,16:42.8,NULL,16:42.7,16:42.7
656,9643,recurring,NULL,264.2448207,TRUE,FALSE,29:11.3,NULL,29:11.3,29:11.3
657,9643,recurring,NULL,300,TRUE,FALSE,32:30.2,NULL,32:30.2,32:30.2
651,6782,recurring,NULL,300,TRUE,FALSE,05:42.1,NULL,05:42.1,05:42.1
648,6782,recurring,NULL,300,TRUE,FALSE,55:49.6,NULL,55:49.5,55:49.5
645,6782,recurring,NULL,300,TRUE,FALSE,47:32.9,NULL,47:32.8,47:32.8
647,6782,recurring,NULL,299.8005291,TRUE,FALSE,53:18.3,NULL,53:18.3,53:18.3
662,4769,recurring,NULL,29.0821352,TRUE,FALSE,25:39.4,NULL,25:39.3,25:39.3
607,2299,recurring,NULL,300,TRUE,FALSE,58:36.8,NULL,58:36.8,58:36.8
605,2299,recurring,NULL,300,TRUE,FALSE,57:34.3,NULL,57:34.3,57:34.3
621,4769,recurring,NULL,247.8405164,TRUE,FALSE,50:12.3,NULL,50:12.3,50:12.3
602,9638,recurring,NULL,167.5828497,TRUE,FALSE,51:55.0,NULL,51:55.0,51:55.0
633,9643,recurring,NULL,164.0479767,TRUE,TRUE,45:57.1,NULL,45:57.0,45:57.0
644,9643,recurring,NULL,219.5664977,TRUE,FALSE,44:28.0,NULL,44:27.9,44:27.9
654,9643,recurring,NULL,300,TRUE,FALSE,23:58.9,NULL,23:58.8,23:58.8
660,9643,recurring,NULL,300,TRUE,TRUE,51:41.4,NULL,51:41.3,51:41.3
672,9681,recurring,100,NULL,FALSE,TRUE,16:30.1,16:30.1,16:30.1,16:30.1
679,9685,recurring,NULL,300,TRUE,TRUE,27:16.8,NULL,27:16.8,27:16.8
686,9685,recurring,NULL,300,TRUE,TRUE,32:11.7,NULL,32:11.7,32:11.7
680,9685,recurring,NULL,300,TRUE,FALSE,27:59.8,NULL,27:59.8,27:59.8
664,4769,recurring,NULL,0.5,TRUE,TRUE,46:40.3,NULL,46:40.3,46:40.3
661,4769,recurring,NULL,257.607995,TRUE,FALSE,22:42.2,NULL,22:42.1,22:42.1
678,9685,recurring,NULL,0.5,TRUE,TRUE,26:08.2,NULL,26:08.1,26:08.1
634,9643,recurring,NULL,284.7767848,TRUE,FALSE,48:50.1,NULL,48:50.0,48:50.0
694,9685,recurring,NULL,216.8424432,TRUE,FALSE,38:37.2,NULL,38:37.1,38:37.1
663,4769,recurring,NULL,241.1068492,TRUE,FALSE,35:05.4,NULL,35:05.4,35:05.4
659,9643,recurring,NULL,273.4526226,TRUE,TRUE,39:37.9,NULL,39:37.8,39:37.8
683,9685,recurring,NULL,50.82598529,TRUE,TRUE,30:27.6,NULL,30:27.6,30:27.6
701,9685,recurring,NULL,0.5,TRUE,TRUE,44:43.8,NULL,44:43.8,44:43.8
676,9643,recurring,NULL,270.0819319,TRUE,FALSE,17:36.0,NULL,17:35.9,17:35.9
705,9685,recurring,NULL,280.8184542,TRUE,FALSE,48:45.6,NULL,48:45.6,48:45.6
722,9685,recurring,NULL,286.8823526,TRUE,FALSE,01:44.6,NULL,01:44.5,01:44.5
704,9685,recurring,NULL,270.9691249,TRUE,FALSE,47:41.3,NULL,47:41.3,47:41.3
702,9685,recurring,NULL,281.0800878,TRUE,FALSE,46:02.4,NULL,46:02.4,46:02.4
721,9685,recurring,NULL,268.7472944,TRUE,FALSE,00:53.0,NULL,00:52.8,00:52.8
710,9685,recurring,NULL,300,TRUE,FALSE,52:09.1,NULL,52:09.0,52:09.0
708,9685,recurring,NULL,300,TRUE,FALSE,50:49.5,NULL,50:49.4,50:49.4
671,9682,recurring,100,NULL,FALSE,TRUE,09:09.1,09:09.1,09:09.0,09:09.0
713,9685,recurring,NULL,300,TRUE,FALSE,55:58.8,NULL,55:58.7,55:58.7
695,9685,recurring,NULL,0.5,TRUE,TRUE,39:23.6,NULL,39:23.6,39:23.6
696,9685,recurring,NULL,284.509918,TRUE,TRUE,40:43.6,NULL,40:43.6,40:43.6
669,4769,recurring,NULL,162.0842674,TRUE,TRUE,10:21.6,NULL,10:21.6,10:21.6
698,9685,recurring,NULL,280.6416285,TRUE,TRUE,41:41.0,NULL,41:41.0,41:41.0
604,6782,recurring,NULL,0.5,TRUE,TRUE,55:01.6,NULL,55:01.5,55:01.5
675,9643,recurring,NULL,281.6287947,TRUE,FALSE,12:59.8,NULL,12:59.7,12:59.7
718,9685,recurring,NULL,109.5083349,TRUE,FALSE,58:59.2,NULL,58:59.1,58:59.1
691,9685,recurring,NULL,298.9565344,TRUE,FALSE,35:25.0,NULL,35:24.9,35:24.9
681,9685,recurring,NULL,247.7105893,TRUE,FALSE,28:26.5,NULL,28:26.5,28:26.5
707,9685,recurring,NULL,300,TRUE,FALSE,50:19.5,NULL,50:19.4,50:19.4
685,9685,recurring,NULL,300,TRUE,FALSE,31:31.1,NULL,31:31.1,31:31.1
667,4769,recurring,NULL,273.2103066,TRUE,FALSE,56:04.3,NULL,56:04.3,56:04.3
699,9685,recurring,NULL,142.367222,TRUE,FALSE,43:29.0,NULL,43:29.0,43:29.0
716,9685,recurring,NULL,286.5771215,TRUE,FALSE,58:18.9,NULL,58:18.8,58:18.8
717,9685,recurring,NULL,242.9731631,TRUE,TRUE,58:37.6,NULL,58:37.6,58:37.6
711,9685,recurring,NULL,300,TRUE,TRUE,52:55.7,NULL,52:55.6,52:55.6
709,9685,recurring,NULL,221.4309045,TRUE,TRUE,51:24.9,NULL,51:24.8,51:24.8
692,9685,recurring,NULL,93.30185788,TRUE,TRUE,37:23.1,NULL,37:23.1,37:23.1
687,9685,recurring,NULL,298.0340205,TRUE,TRUE,33:05.5,NULL,33:05.5,33:05.5
677,9643,recurring,NULL,294.1106311,TRUE,FALSE,19:51.3,NULL,19:51.2,19:51.2
703,9685,recurring,NULL,300,TRUE,FALSE,46:39.2,NULL,46:39.2,46:39.2
715,9685,recurring,NULL,191.2429742,TRUE,FALSE,57:57.9,NULL,57:57.8,57:57.8
689,9685,recurring,NULL,290.5555036,TRUE,FALSE,34:08.9,NULL,34:08.9,34:08.9
690,9685,recurring,NULL,298.714406,TRUE,FALSE,35:04.0,NULL,35:03.9,35:03.9
712,9685,recurring,NULL,300,TRUE,FALSE,53:33.1,NULL,53:33.1,53:33.1
665,4769,recurring,NULL,220.8018204,TRUE,FALSE,46:57.8,NULL,46:57.7,46:57.7
719,9685,recurring,NULL,218.1218515,TRUE,FALSE,59:19.5,NULL,59:19.4,59:19.4
673,9643,recurring,NULL,300,TRUE,FALSE,02:13.5,NULL,02:13.4,02:13.4
668,4769,recurring,NULL,300,TRUE,TRUE,07:46.0,NULL,07:45.9,07:45.9
674,9643,recurring,NULL,300,TRUE,TRUE,10:28.5,NULL,10:28.4,10:28.4
631,9643,recurring,NULL,0.5,TRUE,TRUE,37:39.6,NULL,37:39.6,37:39.6
682,9685,recurring,NULL,113.9949674,TRUE,TRUE,29:23.9,NULL,29:23.9,29:23.9
727,9685,recurring,NULL,300,TRUE,TRUE,40:16.7,NULL,40:16.6,40:16.6
739,9685,recurring,NULL,300,TRUE,TRUE,00:49.9,NULL,00:49.8,00:49.8
744,9685,recurring,NULL,300,TRUE,TRUE,23:08.4,NULL,23:08.3,23:08.3
745,9685,recurring,NULL,300,TRUE,TRUE,29:26.2,NULL,29:26.1,29:26.1
774,9691,recurring,100,NULL,FALSE,FALSE,31:14.0,31:14.0,31:14.0,31:14.0
752,4769,recurring,NULL,249.5603277,TRUE,TRUE,50:10.1,NULL,50:10.0,50:10.0
753,4769,recurring,NULL,285.8215436,TRUE,TRUE,51:03.2,NULL,51:03.1,51:03.1
747,9685,recurring,NULL,295.5144222,TRUE,FALSE,37:46.6,NULL,37:46.5,37:46.5
775,2283,recurring,NULL,287.9758015,TRUE,FALSE,52:44.2,NULL,52:44.2,52:44.2
763,5282,recurring,NULL,275.636709,TRUE,FALSE,03:57.6,NULL,03:57.6,03:57.6
750,9685,recurring,NULL,300,TRUE,FALSE,39:37.9,NULL,39:37.8,39:37.8
786,8920,recurring,NULL,242.7748833,TRUE,FALSE,45:41.9,NULL,45:41.9,45:41.9
700,9685,recurring,NULL,298.0231072,TRUE,FALSE,44:17.6,NULL,44:17.5,44:17.5
735,9685,recurring,NULL,298.9586915,TRUE,FALSE,50:35.8,NULL,50:35.8,50:35.8
693,9685,recurring,NULL,127.3233509,TRUE,TRUE,37:47.1,NULL,37:47.1,37:47.1
755,4769,recurring,NULL,208.3442683,TRUE,FALSE,57:58.4,NULL,57:58.3,57:58.3
736,9685,recurring,NULL,299.5885111,TRUE,FALSE,51:14.2,NULL,51:14.1,51:14.1
759,2075,recurring,NULL,300,TRUE,FALSE,06:31.2,NULL,06:31.2,06:31.2
760,2075,recurring,NULL,300,TRUE,TRUE,19:37.3,NULL,19:37.3,19:37.3
762,9686,recurring,100,NULL,FALSE,TRUE,02:29.5,02:29.5,02:29.4,02:29.4
779,9696,recurring,100,NULL,FALSE,TRUE,23:40.8,23:40.8,23:40.8,23:40.8
726,9685,recurring,NULL,0.5,TRUE,TRUE,38:28.4,NULL,38:28.3,38:28.3
733,9685,recurring,NULL,288.1541898,TRUE,FALSE,46:13.2,NULL,46:13.1,46:13.1
761,2075,recurring,NULL,241.6708068,TRUE,TRUE,28:29.8,NULL,28:29.8,28:29.8
670,4769,recurring,NULL,300,TRUE,FALSE,38:58.4,NULL,38:58.3,38:58.3
765,5282,recurring,NULL,0.5,TRUE,TRUE,16:49.6,NULL,16:49.6,16:49.6
706,9685,recurring,NULL,0.5,TRUE,TRUE,49:01.3,NULL,49:01.3,49:01.3
767,5122,recurring,NULL,300,TRUE,FALSE,40:14.8,NULL,40:14.8,40:14.8
769,9440,recurring,100,NULL,FALSE,TRUE,32:34.1,32:34.1,32:34.1,32:34.1
697,9685,recurring,NULL,291.4738173,TRUE,TRUE,41:02.9,NULL,41:02.8,41:02.8
738,9685,recurring,NULL,300,TRUE,FALSE,57:40.0,NULL,57:39.9,57:39.9
787,8920,recurring,NULL,0.5,TRUE,TRUE,49:13.7,NULL,49:13.7,49:13.7
754,4769,recurring,NULL,186.1704199,TRUE,FALSE,54:38.1,NULL,54:38.1,54:38.1
740,9685,recurring,NULL,299.3749226,TRUE,FALSE,08:05.7,NULL,08:05.6,08:05.6
732,9685,recurring,NULL,268.3313702,TRUE,TRUE,45:15.9,NULL,45:15.8,45:15.8
773,2075,recurring,NULL,300,TRUE,TRUE,02:50.6,NULL,02:50.6,02:50.6
731,9685,recurring,NULL,279.0546337,TRUE,FALSE,44:17.9,NULL,44:17.8,44:17.8
749,9685,recurring,NULL,299.0848041,TRUE,FALSE,37:49.4,NULL,37:49.3,37:49.3
777,2075,recurring,NULL,300,TRUE,TRUE,44:44.9,NULL,44:44.9,44:44.9
778,9692,recurring,100,NULL,FALSE,TRUE,20:36.6,20:36.6,20:36.6,20:36.6
780,9696,recurring,NULL,300,TRUE,FALSE,02:17.8,NULL,02:17.8,02:17.8
781,9706,recurring,100,NULL,FALSE,TRUE,44:27.1,44:27.1,44:27.1,44:27.1
782,9711,recurring,100,NULL,FALSE,TRUE,43:23.0,43:23.0,43:23.0,43:23.0
783,9711,recurring,100,NULL,FALSE,TRUE,53:39.5,53:39.5,53:39.4,53:39.4
742,9685,recurring,NULL,294.0417194,TRUE,TRUE,12:20.6,NULL,12:20.5,12:20.5
776,2075,recurring,NULL,296.4844759,TRUE,TRUE,44:15.3,NULL,44:15.3,44:15.3
684,9685,recurring,NULL,284.7996907,TRUE,FALSE,30:45.0,NULL,30:45.0,30:45.0
789,2315,recurring,NULL,300,TRUE,FALSE,17:08.3,NULL,17:08.3,17:08.3
734,9685,recurring,NULL,300,TRUE,FALSE,49:56.6,NULL,49:56.5,49:56.5
764,5282,recurring,NULL,117.3698297,TRUE,FALSE,04:17.7,NULL,04:17.7,04:17.7
758,9685,recurring,NULL,233.5914192,TRUE,FALSE,20:52.0,NULL,20:51.9,20:51.9
724,9685,recurring,NULL,254.2337373,TRUE,FALSE,04:32.2,NULL,04:32.1,04:32.1
720,9685,recurring,NULL,294.4152779,TRUE,FALSE,59:52.7,NULL,59:52.7,59:52.7
728,9685,recurring,NULL,274.8361694,TRUE,TRUE,41:39.8,NULL,41:39.7,41:39.7
768,2283,recurring,NULL,265.7669029,TRUE,FALSE,00:41.6,NULL,00:41.5,00:41.5
756,4769,recurring,NULL,300,TRUE,FALSE,44:44.0,NULL,44:44.0,44:44.0
666,4769,recurring,NULL,96.10372867,TRUE,FALSE,48:02.7,NULL,48:02.6,48:02.6
746,9685,recurring,NULL,298.8682238,TRUE,FALSE,37:23.3,NULL,37:23.2,37:23.2
757,9685,recurring,NULL,269.6587043,TRUE,FALSE,20:37.4,NULL,20:37.3,20:37.3
784,2283,recurring,NULL,285.8458429,TRUE,FALSE,30:49.2,NULL,30:49.2,30:49.2
741,9685,recurring,NULL,298.8955792,TRUE,FALSE,12:03.6,NULL,12:03.5,12:03.5
737,9685,recurring,NULL,276.0518285,TRUE,FALSE,57:04.2,NULL,57:04.1,57:04.1
748,9685,recurring,NULL,300,TRUE,FALSE,33:49.2,NULL,33:49.2,33:49.2
743,9685,recurring,NULL,300,TRUE,FALSE,14:26.9,NULL,14:26.9,14:26.9
730,9685,recurring,NULL,300,TRUE,FALSE,43:37.8,NULL,43:37.8,43:37.8
714,9685,recurring,NULL,300,TRUE,FALSE,57:30.7,NULL,57:30.6,57:30.6
688,9685,recurring,NULL,300,TRUE,FALSE,33:49.1,NULL,33:49.0,33:49.0
772,2075,recurring,NULL,38.26579038,TRUE,FALSE,58:55.6,NULL,58:55.6,58:55.6
729,9685,recurring,NULL,300,TRUE,FALSE,42:44.6,NULL,42:44.5,42:44.5
723,9685,recurring,NULL,290.0464326,TRUE,TRUE,02:05.1,NULL,02:05.0,02:05.0
766,5282,recurring,NULL,299.0306149,TRUE,FALSE,20:50.9,NULL,20:50.9,20:50.9
771,2075,recurring,NULL,0.5,TRUE,TRUE,58:16.8,NULL,58:16.8,58:16.8
785,2283,recurring,NULL,253.0770643,TRUE,TRUE,32:16.8,NULL,32:16.8,32:16.8
793,9718,recurring,100,NULL,FALSE,TRUE,55:50.0,55:50.0,55:50.0,55:50.0
796,9727,recurring,100,NULL,FALSE,TRUE,04:59.7,04:59.7,04:59.6,04:59.6
800,9733,recurring,100,NULL,FALSE,TRUE,31:41.9,31:41.9,31:41.8,31:41.8
770,5122,recurring,NULL,279.303076,TRUE,FALSE,03:57.9,NULL,03:57.9,03:57.9
808,9388,recurring,100,NULL,FALSE,TRUE,27:11.5,27:11.5,27:11.4,27:11.4
790,2315,recurring,NULL,269.83443,TRUE,FALSE,55:51.4,NULL,55:51.3,55:51.3
788,8920,recurring,NULL,245.8809374,TRUE,FALSE,52:06.6,NULL,52:06.5,52:06.5
725,9685,recurring,NULL,181.8333226,TRUE,TRUE,38:06.8,NULL,38:06.8,38:06.8
792,9716,recurring,100,NULL,FALSE,TRUE,59:06.0,59:06.0,59:06.0,59:06.0
794,9721,recurring,100,NULL,FALSE,FALSE,03:28.5,03:28.5,03:28.5,03:28.5
795,9724,recurring,100,NULL,FALSE,TRUE,03:45.4,03:45.4,03:45.4,03:45.4
798,9722,recurring,100,NULL,FALSE,TRUE,14:50.8,14:50.8,14:50.8,14:50.8
799,9724,recurring,100,NULL,FALSE,TRUE,21:56.5,21:56.5,21:56.5,21:56.5
801,9737,recurring,100,NULL,FALSE,TRUE,34:49.0,34:49.0,34:49.0,34:49.0
802,9744,recurring,100,NULL,FALSE,TRUE,56:39.3,56:39.3,56:39.3,56:39.3
791,2075,recurring,NULL,0.5,TRUE,TRUE,37:50.3,NULL,37:50.2,37:50.2
805,2075,recurring,NULL,255.6646501,TRUE,FALSE,09:34.1,NULL,09:34.0,09:34.0
804,2075,recurring,NULL,252.9142485,TRUE,TRUE,23:14.4,NULL,23:14.4,23:14.4
806,2299,recurring,NULL,270.3153813,TRUE,TRUE,22:12.6,NULL,22:12.6,22:12.6
807,2075,recurring,NULL,297.6044698,TRUE,TRUE,35:38.8,NULL,35:38.8,35:38.8
797,9722,recurring,100,NULL,FALSE,TRUE,08:21.5,08:21.5,08:21.5,08:21.5
803,9745,recurring,100,NULL,FALSE,TRUE,10:43.3,10:43.3,10:43.3,10:43.3
809,9388,recurring,100,NULL,FALSE,TRUE,28:37.3,28:37.3,28:37.2,28:37.2
812,2075,recurring,NULL,300,TRUE,FALSE,24:24.2,NULL,24:24.1,24:24.1
815,2075,recurring,NULL,300,TRUE,FALSE,15:56.5,NULL,15:56.5,15:56.5
817,2075,recurring,NULL,300,TRUE,FALSE,16:05.2,NULL,16:05.1,16:05.1
821,2075,recurring,NULL,300,TRUE,TRUE,31:52.1,NULL,31:52.0,31:52.0
822,9764,recurring,100,NULL,FALSE,TRUE,11:29.5,11:29.5,11:29.5,11:29.5
827,9765,recurring,100,NULL,FALSE,TRUE,04:14.5,04:14.5,04:14.5,04:14.5
828,9766,recurring,100,NULL,FALSE,TRUE,23:11.8,23:11.8,23:11.8,23:11.8
829,9766,recurring,100,NULL,FALSE,TRUE,23:41.9,23:41.9,23:41.9,23:41.9
830,9766,recurring,100,NULL,FALSE,TRUE,53:06.6,53:06.6,53:06.6,53:06.6
834,2283,recurring,NULL,300,TRUE,TRUE,01:48.8,NULL,01:48.8,01:48.8
857,9781,recurring,100,NULL,FALSE,TRUE,03:33.3,03:33.3,03:33.3,03:33.3
811,2075,recurring,NULL,290.7733545,TRUE,TRUE,23:31.5,NULL,23:31.5,23:31.5
836,20,recurring,NULL,0.5,TRUE,TRUE,28:47.8,NULL,28:47.8,28:47.8
825,5122,recurring,NULL,285.9212269,TRUE,FALSE,14:14.7,NULL,14:14.7,14:14.7
835,9767,recurring,100,NULL,FALSE,TRUE,52:50.7,52:50.7,52:50.7,52:50.7
824,5122,recurring,NULL,227.6636129,TRUE,FALSE,07:24.4,NULL,07:24.4,07:24.4
852,5122,recurring,NULL,0.5,TRUE,TRUE,21:38.4,NULL,21:38.4,21:38.4
877,5122,recurring,NULL,300,TRUE,FALSE,58:42.1,NULL,58:42.0,58:42.0
865,5282,recurring,NULL,241.5038483,TRUE,FALSE,35:04.2,NULL,35:04.1,35:04.1
861,5282,recurring,NULL,299.8722002,TRUE,FALSE,42:48.3,NULL,42:48.3,42:48.3
818,2075,recurring,NULL,297.1205863,TRUE,TRUE,18:44.7,NULL,18:44.6,18:44.6
871,2075,recurring,NULL,294.633286,TRUE,TRUE,02:35.5,NULL,02:35.4,02:35.4
833,2283,recurring,NULL,297.0266024,TRUE,FALSE,59:04.0,NULL,59:03.9,59:03.9
832,2283,recurring,NULL,296.7628634,TRUE,FALSE,58:51.0,NULL,58:51.0,58:51.0
826,2283,recurring,NULL,300,TRUE,FALSE,07:39.4,NULL,07:39.4,07:39.4
839,9776,recurring,100,NULL,FALSE,TRUE,29:08.4,29:08.4,29:08.4,29:08.4
840,9778,recurring,100,NULL,FALSE,TRUE,48:49.2,48:49.2,48:49.2,48:49.2
842,5122,recurring,NULL,300,TRUE,TRUE,55:58.4,NULL,55:58.3,55:58.3
866,9789,recurring,100,NULL,FALSE,TRUE,35:57.2,35:57.2,35:57.2,35:57.2
872,5282,recurring,NULL,192.2214163,TRUE,FALSE,05:20.6,NULL,05:20.5,05:20.5
867,9794,recurring,100,NULL,FALSE,FALSE,30:54.5,30:54.5,30:54.5,30:54.5
819,2075,recurring,NULL,249.1894804,TRUE,TRUE,25:33.9,NULL,25:33.8,25:33.8
846,9778,recurring,100,NULL,FALSE,TRUE,08:40.0,08:40.0,08:40.0,08:40.0
851,5122,recurring,NULL,300,TRUE,TRUE,12:17.6,NULL,12:17.6,12:17.6
844,5122,recurring,NULL,281.0027362,TRUE,TRUE,58:23.1,NULL,58:23.1,58:23.1
859,5282,recurring,NULL,300,TRUE,TRUE,49:14.2,NULL,49:14.1,49:14.1
841,5122,recurring,NULL,280.0089311,TRUE,FALSE,55:38.8,NULL,55:38.8,55:38.8
860,5282,recurring,NULL,300,TRUE,FALSE,11:05.0,NULL,11:04.9,11:04.9
875,2075,recurring,NULL,300,TRUE,FALSE,42:13.8,NULL,42:13.8,42:13.8
856,2075,recurring,NULL,297.8968014,TRUE,TRUE,02:23.3,NULL,02:23.3,02:23.3
879,2075,recurring,NULL,289.7750933,TRUE,TRUE,11:51.7,NULL,11:51.6,11:51.6
869,9795,recurring,100,NULL,FALSE,TRUE,49:43.9,49:43.9,49:43.9,49:43.9
870,9795,recurring,100,NULL,FALSE,TRUE,53:38.6,53:38.6,53:38.5,53:38.5
845,5122,recurring,NULL,291.9064548,TRUE,TRUE,00:18.2,NULL,00:18.1,00:18.1
810,2075,recurring,NULL,299.7745877,TRUE,TRUE,19:26.0,NULL,19:25.9,19:25.9
885,4769,recurring,NULL,201.5485751,TRUE,FALSE,12:55.4,NULL,12:55.4,12:55.4
878,2075,recurring,NULL,288.1355507,TRUE,TRUE,04:06.0,NULL,04:06.0,04:06.0
876,2075,recurring,NULL,300,TRUE,TRUE,43:29.1,NULL,43:29.0,43:29.0
864,5282,recurring,NULL,300,TRUE,FALSE,46:28.2,NULL,46:28.1,46:28.1
858,5282,recurring,NULL,300,TRUE,FALSE,25:52.4,NULL,25:52.4,25:52.4
868,2075,recurring,NULL,296.829114,TRUE,TRUE,49:26.7,NULL,49:26.6,49:26.6
873,9778,recurring,100,NULL,FALSE,TRUE,25:25.5,25:25.5,25:25.5,25:25.5
874,2075,recurring,NULL,300,TRUE,TRUE,04:46.1,NULL,04:46.1,04:46.1
816,821,recurring,NULL,0.5,TRUE,TRUE,25:53.6,NULL,25:53.6,25:53.6
850,5122,recurring,NULL,285.2262156,TRUE,TRUE,11:34.3,NULL,11:34.3,11:34.3
880,9798,recurring,100,NULL,FALSE,TRUE,18:19.5,18:19.5,18:19.4,18:19.4
883,9800,recurring,100,NULL,FALSE,TRUE,37:11.7,37:11.7,37:11.7,37:11.7
884,9800,recurring,100,NULL,FALSE,TRUE,08:47.5,08:47.5,08:47.5,08:47.5
823,5122,recurring,NULL,231.4614487,TRUE,FALSE,39:32.8,NULL,39:32.7,39:32.7
843,5122,recurring,NULL,236.0548931,TRUE,FALSE,56:47.3,NULL,56:47.3,56:47.3
847,5122,recurring,NULL,282.9234361,TRUE,FALSE,09:22.3,NULL,09:22.3,09:22.3
837,2315,recurring,NULL,284.5409396,TRUE,FALSE,35:14.8,NULL,35:14.8,35:14.8
820,2075,recurring,NULL,0.5,TRUE,TRUE,28:24.0,NULL,28:24.0,28:24.0
814,2075,recurring,NULL,296.617643,TRUE,TRUE,15:20.9,NULL,15:20.9,15:20.9
863,5282,recurring,NULL,300,TRUE,FALSE,46:04.6,NULL,46:04.6,46:04.6
862,5282,recurring,NULL,182.4871793,TRUE,FALSE,45:37.0,NULL,45:36.9,45:36.9
853,5122,recurring,NULL,276.5534818,TRUE,FALSE,23:57.7,NULL,23:57.7,23:57.7
855,5122,recurring,NULL,300,TRUE,FALSE,31:41.7,NULL,31:41.7,31:41.7
854,5122,recurring,NULL,300,TRUE,FALSE,30:34.1,NULL,30:34.1,30:34.1
882,2283,recurring,NULL,264.6363045,TRUE,FALSE,20:18.2,NULL,20:18.2,20:18.2
849,5122,recurring,NULL,282.8007028,TRUE,TRUE,10:11.8,NULL,10:11.8,10:11.8
881,2283,recurring,NULL,300,TRUE,FALSE,31:24.6,NULL,31:24.5,31:24.5
831,2283,recurring,NULL,288.4430385,TRUE,TRUE,51:42.1,NULL,51:42.1,51:42.1
813,2075,recurring,NULL,299.2169978,TRUE,TRUE,15:01.0,NULL,15:00.9,15:00.9
886,4769,recurring,NULL,300,TRUE,TRUE,14:26.4,NULL,14:26.4,14:26.4
887,4769,recurring,NULL,300,TRUE,TRUE,18:35.6,NULL,18:35.5,18:35.5
888,4769,recurring,NULL,300,TRUE,FALSE,19:24.5,NULL,19:24.5,19:24.5
889,4769,recurring,NULL,296.437609,TRUE,TRUE,05:38.1,NULL,05:38.0,05:38.0
751,9685,recurring,NULL,207.4521522,TRUE,FALSE,40:28.5,NULL,40:28.4,40:28.4
964,2075,recurring,NULL,300,TRUE,FALSE,09:34.1,NULL,09:34.1,09:34.1
892,2283,recurring,NULL,300,TRUE,TRUE,58:19.1,NULL,58:19.1,58:19.1
952,9824,recurring,100,NULL,FALSE,TRUE,51:26.7,51:26.7,51:26.7,51:26.7
893,2283,recurring,NULL,282.810375,TRUE,TRUE,01:33.5,NULL,01:33.4,01:33.4
622,4769,recurring,NULL,0.5,TRUE,TRUE,03:29.2,NULL,03:29.2,03:29.2
965,2075,recurring,NULL,277.7848008,TRUE,FALSE,12:41.8,NULL,12:41.8,12:41.8
894,2075,recurring,NULL,300,TRUE,TRUE,05:22.8,NULL,05:22.7,05:22.7
895,2315,recurring,NULL,300,TRUE,TRUE,08:34.3,NULL,08:34.3,08:34.3
897,2315,recurring,NULL,300,TRUE,TRUE,08:49.5,NULL,08:49.4,08:49.4
900,5282,recurring,NULL,300,TRUE,TRUE,31:39.3,NULL,31:39.3,31:39.3
903,5282,recurring,NULL,300,TRUE,TRUE,44:39.5,NULL,44:39.5,44:39.5
904,5282,recurring,NULL,300,TRUE,TRUE,49:11.6,NULL,49:11.6,49:11.6
906,5282,recurring,NULL,300,TRUE,TRUE,55:51.2,NULL,55:51.2,55:51.2
907,5282,recurring,NULL,300,TRUE,TRUE,01:14.2,NULL,01:14.2,01:14.2
908,5282,recurring,NULL,300,TRUE,TRUE,08:00.0,NULL,07:59.9,07:59.9
911,5282,recurring,NULL,300,TRUE,TRUE,25:45.9,NULL,25:45.9,25:45.9
912,5282,recurring,NULL,300,TRUE,TRUE,28:05.0,NULL,28:05.0,28:05.0
916,5282,recurring,NULL,300,TRUE,TRUE,54:29.0,NULL,54:29.0,54:29.0
917,201,recurring,100,NULL,FALSE,TRUE,29:11.1,29:11.1,29:11.1,29:11.1
918,201,recurring,100,NULL,FALSE,TRUE,29:49.5,29:49.5,29:49.5,29:49.5
919,201,recurring,100,NULL,FALSE,TRUE,44:41.6,44:41.6,44:41.6,44:41.6
920,2283,recurring,NULL,300,TRUE,TRUE,08:45.3,NULL,08:45.3,08:45.3
921,2283,recurring,NULL,300,TRUE,TRUE,31:27.9,NULL,31:27.8,31:27.8
953,9824,recurring,100,NULL,FALSE,TRUE,35:36.9,35:36.9,35:36.9,35:36.9
890,2075,recurring,NULL,140.6076338,TRUE,FALSE,41:25.5,NULL,41:25.5,41:25.5
914,5282,recurring,NULL,290.0464134,TRUE,TRUE,52:41.7,NULL,52:41.7,52:41.7
938,2299,recurring,NULL,227.4379608,TRUE,TRUE,21:28.6,NULL,21:28.6,21:28.6
902,5282,recurring,NULL,0.5,TRUE,TRUE,41:40.6,NULL,41:40.6,41:40.6
925,2075,recurring,NULL,299.7293092,TRUE,TRUE,42:59.8,NULL,42:59.8,42:59.8
910,5282,recurring,NULL,300,TRUE,FALSE,16:10.8,NULL,16:10.8,16:10.8
899,5021,recurring,NULL,41.50380764,TRUE,FALSE,44:59.3,NULL,44:59.3,44:59.3
915,5282,recurring,NULL,226.3034478,TRUE,TRUE,53:08.2,NULL,53:08.2,53:08.2
931,2299,recurring,NULL,280.1454273,TRUE,FALSE,08:23.1,NULL,08:23.1,08:23.1
935,5282,recurring,NULL,300,TRUE,TRUE,18:05.8,NULL,18:05.8,18:05.8
936,5282,recurring,NULL,300,TRUE,TRUE,18:35.7,NULL,18:35.7,18:35.7
954,9826,recurring,100,NULL,FALSE,TRUE,08:25.7,08:25.7,08:25.7,08:25.7
941,2299,recurring,NULL,285.0385636,TRUE,TRUE,56:11.2,NULL,56:11.1,56:11.1
909,5282,recurring,NULL,298.052614,TRUE,FALSE,10:18.6,NULL,10:18.5,10:18.5
913,5282,recurring,NULL,274.4470663,TRUE,TRUE,51:49.2,NULL,51:49.1,51:49.1
955,9826,recurring,100,NULL,FALSE,TRUE,09:33.3,09:33.3,09:33.3,09:33.3
963,2299,recurring,NULL,232.9467015,TRUE,TRUE,07:22.1,NULL,07:22.1,07:22.1
898,9643,recurring,NULL,0.5,TRUE,TRUE,15:53.3,NULL,15:53.3,15:53.3
946,2299,recurring,NULL,298.0874836,TRUE,TRUE,15:44.3,NULL,15:44.3,15:44.3
922,2283,recurring,NULL,290.0464481,TRUE,TRUE,34:04.6,NULL,34:04.6,34:04.6
891,2283,recurring,NULL,31.58541281,TRUE,FALSE,57:02.7,NULL,57:02.7,57:02.7
923,2283,recurring,NULL,300,TRUE,FALSE,06:03.0,NULL,06:02.9,06:02.9
939,2299,recurring,NULL,300,TRUE,TRUE,39:30.6,NULL,39:30.5,39:30.5
940,2299,recurring,NULL,300,TRUE,TRUE,51:26.2,NULL,51:26.2,51:26.2
942,2299,recurring,NULL,300,TRUE,TRUE,59:36.3,NULL,59:36.3,59:36.3
943,2299,recurring,NULL,300,TRUE,TRUE,02:51.3,NULL,02:51.2,02:51.2
947,9823,recurring,100,NULL,FALSE,TRUE,52:58.8,52:58.8,52:58.8,52:58.8
948,9824,recurring,100,NULL,FALSE,TRUE,26:24.6,26:24.6,26:24.5,26:24.5
949,9824,recurring,100,NULL,FALSE,TRUE,49:08.6,49:08.6,49:08.6,49:08.6
950,9824,recurring,100,NULL,FALSE,TRUE,49:50.0,49:50.0,49:50.0,49:50.0
951,9824,recurring,100,NULL,FALSE,TRUE,50:47.9,50:47.9,50:47.9,50:47.9
956,9826,recurring,100,NULL,FALSE,TRUE,15:13.9,15:13.9,15:13.9,15:13.9
959,9830,recurring,100,NULL,FALSE,TRUE,29:16.1,29:16.1,29:16.0,29:16.0
960,9830,recurring,100,NULL,FALSE,TRUE,30:14.7,30:14.7,30:14.7,30:14.7
961,9831,recurring,100,NULL,FALSE,TRUE,52:59.7,52:59.7,52:59.7,52:59.7
957,2299,recurring,NULL,168.1541194,TRUE,TRUE,28:24.5,NULL,28:24.4,28:24.4
926,2299,recurring,NULL,278.5520317,TRUE,TRUE,57:01.4,NULL,57:01.3,57:01.3
928,2299,recurring,NULL,293.0269654,TRUE,FALSE,58:49.7,NULL,58:49.7,58:49.7
934,5021,recurring,NULL,298.1691543,TRUE,FALSE,08:28.3,NULL,08:28.2,08:28.2
933,5021,recurring,NULL,141.5038557,TRUE,FALSE,07:55.2,NULL,07:55.2,07:55.2
962,2299,recurring,NULL,300,TRUE,TRUE,03:50.0,NULL,03:50.0,03:50.0
958,2299,recurring,NULL,211.103104,TRUE,TRUE,28:56.8,NULL,28:56.7,28:56.7
944,2299,recurring,NULL,242.3003203,TRUE,TRUE,09:38.1,NULL,09:38.0,09:38.0
901,5282,recurring,NULL,133.8222291,TRUE,TRUE,34:37.4,NULL,34:37.4,34:37.4
932,5021,recurring,NULL,125.8426777,TRUE,FALSE,07:02.8,NULL,07:02.8,07:02.8
896,2315,recurring,NULL,218.0894344,TRUE,TRUE,08:38.9,NULL,08:38.9,08:38.9
937,2283,recurring,NULL,246.9392928,TRUE,TRUE,14:08.5,NULL,14:08.5,14:08.5
848,5122,recurring,NULL,282.9908305,TRUE,FALSE,09:53.9,NULL,09:53.9,09:53.9
924,2283,recurring,NULL,247.2556205,TRUE,TRUE,10:53.6,NULL,10:53.5,10:53.5
838,9765,recurring,NULL,0.5,TRUE,TRUE,00:20.8,NULL,00:20.8,00:20.8
930,2299,recurring,NULL,191.3949873,TRUE,TRUE,03:46.3,NULL,03:46.3,03:46.3
905,5282,recurring,NULL,283.2449222,TRUE,TRUE,52:30.9,NULL,52:30.8,52:30.8
927,2299,recurring,NULL,277.2670535,TRUE,TRUE,58:32.4,NULL,58:32.4,58:32.4
966,2299,recurring,NULL,269.636886,TRUE,TRUE,14:11.4,NULL,14:11.3,14:11.3
980,4769,recurring,NULL,86.21516242,TRUE,TRUE,22:35.9,NULL,22:35.8,22:35.8
979,2075,recurring,NULL,300,TRUE,FALSE,10:12.1,NULL,10:12.0,10:12.0
974,2299,recurring,NULL,287.5429265,TRUE,FALSE,43:30.8,NULL,43:30.7,43:30.7
972,2299,recurring,NULL,99.69659779,TRUE,FALSE,39:24.1,NULL,39:24.1,39:24.1
967,5282,recurring,NULL,300,TRUE,TRUE,04:46.1,NULL,04:46.1,04:46.1
976,2299,recurring,NULL,300,TRUE,TRUE,59:27.2,NULL,59:27.2,59:27.2
973,2299,recurring,NULL,0.856034463,TRUE,TRUE,39:51.2,NULL,39:51.1,39:51.1
968,5282,recurring,NULL,204.4940844,TRUE,FALSE,28:31.7,NULL,28:31.7,28:31.7
975,2299,recurring,NULL,255.9236211,TRUE,FALSE,46:19.7,NULL,46:19.7,46:19.7
971,9823,recurring,NULL,300,TRUE,FALSE,47:35.2,NULL,47:35.2,47:35.2
977,2075,recurring,NULL,292.6944784,TRUE,TRUE,42:31.6,NULL,42:31.6,42:31.6
929,2299,recurring,NULL,289.9489956,TRUE,TRUE,00:30.8,NULL,00:30.3,00:30.3
969,2283,recurring,NULL,127.9594155,TRUE,TRUE,05:25.8,NULL,05:25.7,05:25.7
978,2075,recurring,NULL,300,TRUE,TRUE,07:00.2,NULL,07:00.2,07:00.2
981,2315,recurring,NULL,300,TRUE,TRUE,45:51.0,NULL,45:51.0,45:51.0
982,2315,recurring,NULL,300,TRUE,TRUE,51:56.6,NULL,51:56.6,51:56.6
984,2315,recurring,NULL,300,TRUE,TRUE,58:20.1,NULL,58:20.0,58:20.0
1009,821,recurring,NULL,255.6381568,TRUE,TRUE,43:36.0,NULL,43:36.0,43:36.0
987,5282,recurring,NULL,300,TRUE,TRUE,42:16.9,NULL,42:16.9,42:16.9
988,2315,recurring,NULL,300,TRUE,TRUE,19:43.3,NULL,19:43.2,19:43.2
989,201,recurring,100,NULL,FALSE,TRUE,20:41.4,20:41.4,20:41.4,20:41.4
990,9841,recurring,100,NULL,FALSE,TRUE,18:09.0,18:09.0,18:09.0,18:09.0
992,4769,recurring,NULL,300,TRUE,TRUE,12:22.9,NULL,12:22.8,12:22.8
993,4769,recurring,NULL,300,TRUE,TRUE,13:20.3,NULL,13:20.3,13:20.3
1033,2075,recurring,NULL,272.1321798,TRUE,TRUE,18:20.5,NULL,18:20.4,18:20.4
983,2315,recurring,NULL,244.7764832,TRUE,TRUE,57:51.9,NULL,57:51.9,57:51.9
945,2299,recurring,NULL,292.1994474,TRUE,TRUE,11:49.4,NULL,11:49.4,11:49.4
994,5282,recurring,NULL,300,TRUE,TRUE,17:06.3,NULL,17:06.2,17:06.2
995,2315,recurring,NULL,300,TRUE,TRUE,08:04.2,NULL,08:04.2,08:04.2
996,2315,recurring,NULL,300,TRUE,TRUE,24:05.6,NULL,24:05.6,24:05.6
998,9845,recurring,50,NULL,FALSE,TRUE,54:28.5,54:28.5,54:28.5,54:28.5
1000,9845,recurring,100,NULL,FALSE,TRUE,00:07.9,00:07.9,00:07.9,00:07.9
991,821,recurring,NULL,0.5,TRUE,TRUE,12:45.1,NULL,12:45.1,12:45.1
970,2283,recurring,NULL,293.6905392,TRUE,TRUE,14:15.2,NULL,14:15.1,14:15.1
1001,2075,recurring,NULL,300,TRUE,TRUE,11:40.8,NULL,11:40.7,11:40.7
1007,5021,recurring,NULL,0.5,TRUE,TRUE,53:02.3,NULL,53:02.3,53:02.3
1005,5021,recurring,NULL,300,TRUE,TRUE,50:08.1,NULL,50:08.0,50:08.0
1010,923,recurring,49.93817268,NULL,FALSE,TRUE,28:10.6,28:10.6,28:10.6,28:10.6
1011,923,recurring,49.93817268,NULL,FALSE,TRUE,30:24.0,30:24.0,30:23.9,30:23.9
1012,9850,recurring,100,NULL,FALSE,TRUE,48:42.3,48:42.3,48:42.3,48:42.3
1013,2283,recurring,NULL,300,TRUE,TRUE,24:43.1,NULL,24:43.1,24:43.1
1053,9845,recurring,NULL,35.14060709,TRUE,TRUE,49:56.4,NULL,49:56.4,49:56.4
1021,5282,recurring,NULL,286.012258,TRUE,TRUE,14:19.2,NULL,14:19.2,14:19.2
1028,2299,recurring,NULL,300,TRUE,TRUE,08:06.6,NULL,08:06.6,08:06.6
1020,5282,recurring,NULL,189.4037779,TRUE,TRUE,12:14.1,NULL,12:14.0,12:14.0
1043,9638,recurring,NULL,300,TRUE,FALSE,38:13.3,NULL,38:13.3,38:13.3
1029,2315,recurring,NULL,300,TRUE,TRUE,10:44.2,NULL,10:44.1,10:44.1
985,2075,recurring,NULL,236.0186872,TRUE,TRUE,27:10.6,NULL,27:10.5,27:10.5
1003,2075,recurring,NULL,286.8755467,TRUE,FALSE,24:37.4,NULL,24:37.4,24:37.4
1015,8935,recurring,NULL,300,TRUE,TRUE,41:23.5,NULL,41:23.4,41:23.4
1016,8935,recurring,NULL,300,TRUE,TRUE,43:33.5,NULL,43:33.5,43:33.5
1019,8935,recurring,NULL,300,TRUE,TRUE,52:21.6,NULL,52:21.6,52:21.6
1035,9638,recurring,NULL,300,TRUE,FALSE,24:09.0,NULL,24:08.9,24:08.9
1044,9638,recurring,NULL,300,TRUE,TRUE,51:01.7,NULL,51:01.7,51:01.7
1045,9638,recurring,NULL,224.829136,TRUE,TRUE,51:49.9,NULL,51:49.9,51:49.9
1023,2315,recurring,NULL,300,TRUE,TRUE,14:26.8,NULL,14:26.8,14:26.8
1024,9858,recurring,100,NULL,FALSE,TRUE,57:19.3,57:19.3,57:19.3,57:19.3
1025,13,recurring,100,NULL,FALSE,TRUE,41:21.5,41:21.5,41:21.5,41:21.5
1026,9859,recurring,100,NULL,FALSE,TRUE,06:36.7,06:36.7,06:36.6,06:36.6
1027,9860,recurring,100,NULL,FALSE,TRUE,04:08.2,04:08.2,04:08.2,04:08.2
986,5282,recurring,NULL,255.3605904,TRUE,TRUE,31:57.5,NULL,31:57.4,31:57.4
1014,2075,recurring,NULL,296.3980761,TRUE,FALSE,23:07.3,NULL,23:07.2,23:07.2
1032,2075,recurring,NULL,300,TRUE,TRUE,15:20.3,NULL,15:20.2,15:20.2
1034,9638,recurring,NULL,300,TRUE,TRUE,23:22.3,NULL,23:22.3,23:22.3
1038,9638,recurring,NULL,300,TRUE,TRUE,11:49.4,NULL,11:49.3,11:49.3
1048,9638,recurring,NULL,300,TRUE,TRUE,34:26.9,NULL,34:26.9,34:26.9
1049,9638,recurring,NULL,300,TRUE,TRUE,35:22.5,NULL,35:22.5,35:22.5
1050,9638,recurring,NULL,300,TRUE,TRUE,36:16.7,NULL,36:16.6,36:16.6
1031,2075,recurring,NULL,300,TRUE,FALSE,14:49.0,NULL,14:48.9,14:48.9
1052,2075,recurring,NULL,300,TRUE,TRUE,27:32.1,NULL,27:32.1,27:32.1
999,9845,recurring,100,NULL,FALSE,FALSE,45:35.7,45:35.7,45:35.7,45:35.7
1004,9845,recurring,100,NULL,FALSE,FALSE,02:41.4,02:41.4,02:41.4,02:41.4
1054,9845,recurring,50,NULL,FALSE,TRUE,51:41.1,51:41.1,51:41.1,51:41.1
1002,2075,recurring,NULL,298.0069652,TRUE,TRUE,23:09.7,NULL,23:09.6,23:09.6
1017,8935,recurring,NULL,235.6621074,TRUE,TRUE,45:27.4,NULL,45:27.4,45:27.4
1037,9638,recurring,NULL,296.5201931,TRUE,TRUE,33:43.1,NULL,33:43.0,33:43.0
1008,5021,recurring,NULL,108.095805,TRUE,FALSE,53:30.2,NULL,53:30.2,53:30.2
1006,5021,recurring,NULL,199.9999856,TRUE,FALSE,52:49.1,NULL,52:49.1,52:49.1
1051,2075,recurring,NULL,296.9303209,TRUE,FALSE,25:39.8,NULL,25:39.7,25:39.7
1056,4769,recurring,NULL,300,TRUE,TRUE,52:33.9,NULL,52:33.9,52:33.9
1018,8935,recurring,NULL,279.2420023,TRUE,TRUE,49:39.1,NULL,49:39.1,49:39.1
1046,9638,recurring,NULL,281.5857547,TRUE,TRUE,53:48.6,NULL,53:48.5,53:48.5
1042,9638,recurring,NULL,300,TRUE,FALSE,14:31.4,NULL,14:31.3,14:31.3
1040,9638,recurring,NULL,300,TRUE,FALSE,13:55.7,NULL,13:55.7,13:55.7
1041,9638,recurring,NULL,300,TRUE,FALSE,14:16.7,NULL,14:16.6,14:16.6
1039,9638,recurring,NULL,300,TRUE,FALSE,13:14.4,NULL,13:14.4,13:14.4
1036,9638,recurring,NULL,300,TRUE,FALSE,28:28.4,NULL,28:28.4,28:28.4
1047,9638,recurring,NULL,300,TRUE,FALSE,55:20.3,NULL,55:20.3,55:20.3
997,2315,recurring,NULL,288.1772756,TRUE,TRUE,25:05.8,NULL,25:05.8,25:05.8
1022,4769,recurring,NULL,281.2690931,TRUE,FALSE,03:14.9,NULL,03:14.9,03:14.9
1057,9638,recurring,NULL,300,TRUE,TRUE,09:48.7,NULL,09:48.7,09:48.7
1058,9806,recurring,100,NULL,FALSE,TRUE,18:37.8,18:37.8,18:37.8,18:37.8
1062,2062,recurring,NULL,300,TRUE,FALSE,07:30.2,NULL,07:30.2,07:30.2
1061,2062,recurring,NULL,300,TRUE,FALSE,06:20.4,NULL,06:20.4,06:20.4
1060,2062,recurring,NULL,300,TRUE,FALSE,04:44.8,NULL,04:44.8,04:44.8
1059,2062,recurring,NULL,300,TRUE,FALSE,02:48.7,NULL,02:48.7,02:48.7
1063,9878,recurring,100,NULL,FALSE,TRUE,40:29.5,40:29.5,40:29.5,40:29.5
1064,4769,recurring,NULL,300,TRUE,TRUE,13:38.0,NULL,13:37.9,13:37.9
1065,2315,recurring,NULL,300,TRUE,TRUE,33:12.4,NULL,33:12.4,33:12.4
1066,2315,recurring,NULL,300,TRUE,TRUE,39:06.0,NULL,39:06.0,39:06.0
1067,5021,recurring,NULL,300,TRUE,TRUE,57:09.8,NULL,57:09.7,57:09.7
1030,8935,recurring,NULL,274.8518736,TRUE,TRUE,13:22.4,NULL,13:22.3,13:22.3
1069,2315,recurring,NULL,300,TRUE,TRUE,15:04.3,NULL,15:04.3,15:04.3
1070,5282,recurring,NULL,300,TRUE,TRUE,18:32.6,NULL,18:32.6,18:32.6
1072,9881,recurring,100,NULL,FALSE,TRUE,45:36.3,45:36.3,45:36.3,45:36.3
1073,9881,recurring,100,NULL,FALSE,TRUE,46:08.0,46:08.0,46:08.0,46:08.0
1074,2283,recurring,NULL,300,TRUE,TRUE,55:34.7,NULL,55:34.7,55:34.7
1075,2283,recurring,NULL,300,TRUE,TRUE,57:14.5,NULL,57:14.4,57:14.4
1076,5282,recurring,NULL,300,TRUE,FALSE,39:20.8,NULL,39:20.7,39:20.7
1068,5021,recurring,NULL,141.5037499,TRUE,FALSE,57:38.0,NULL,57:37.9,57:37.9
1078,5282,recurring,NULL,300,TRUE,TRUE,10:18.9,NULL,10:18.9,10:18.9
1079,5282,recurring,NULL,300,TRUE,TRUE,10:30.6,NULL,10:30.5,10:30.5
1077,5021,recurring,NULL,199.9999856,TRUE,TRUE,54:35.8,NULL,54:35.7,54:35.7
1080,4769,recurring,NULL,300,TRUE,TRUE,16:53.1,NULL,16:53.0,16:53.0
1081,4769,recurring,NULL,300,TRUE,TRUE,18:34.7,NULL,18:34.7,18:34.7
1071,5122,recurring,NULL,267.7658159,TRUE,TRUE,29:55.8,NULL,29:55.8,29:55.8
1082,2283,recurring,NULL,300,TRUE,TRUE,04:34.3,NULL,04:34.2,04:34.2
1083,2283,recurring,NULL,300,TRUE,TRUE,06:57.9,NULL,06:57.8,06:57.8
1084,5122,recurring,NULL,300,TRUE,TRUE,09:03.2,NULL,09:03.2,09:03.2
1085,5122,recurring,NULL,300,TRUE,TRUE,09:43.3,NULL,09:43.3,09:43.3
1088,9643,recurring,NULL,300,TRUE,TRUE,08:44.3,NULL,08:44.3,08:44.3
1089,821,recurring,NULL,300,TRUE,TRUE,49:36.8,NULL,49:36.8,49:36.8
1090,9845,recurring,50,NULL,FALSE,FALSE,12:48.9,12:48.9,12:48.9,12:48.9
1091,9897,recurring,100,NULL,FALSE,TRUE,10:28.4,10:28.4,10:28.3,10:28.3
1086,9643,recurring,NULL,273.6966123,TRUE,TRUE,03:07.7,NULL,03:07.7,03:07.7
1097,9643,recurring,NULL,300,TRUE,TRUE,13:34.6,NULL,13:34.5,13:34.5
1100,8920,recurring,NULL,300,TRUE,TRUE,36:33.0,NULL,36:32.9,36:32.9
1101,8920,recurring,NULL,300,TRUE,TRUE,36:45.8,NULL,36:45.8,36:45.8
1102,8920,recurring,NULL,300,TRUE,TRUE,37:18.1,NULL,37:18.0,37:18.0
1103,8920,recurring,NULL,300,TRUE,TRUE,41:42.3,NULL,41:42.3,41:42.3
1104,8920,recurring,NULL,300,TRUE,TRUE,42:34.1,NULL,42:34.0,42:34.0
1105,8920,recurring,NULL,300,TRUE,TRUE,43:14.8,NULL,43:14.8,43:14.8
1107,8920,recurring,NULL,300,TRUE,TRUE,50:02.1,NULL,50:02.1,50:02.1
1108,8920,recurring,NULL,300,TRUE,TRUE,50:16.4,NULL,50:16.4,50:16.4
1109,8920,recurring,NULL,300,TRUE,TRUE,52:45.4,NULL,52:45.3,52:45.3
1110,8920,recurring,NULL,300,TRUE,TRUE,59:59.0,NULL,59:58.9,59:58.9
1112,8920,recurring,NULL,300,TRUE,TRUE,05:46.8,NULL,05:46.8,05:46.8
1111,8920,recurring,NULL,300,TRUE,FALSE,03:18.8,NULL,03:18.7,03:18.7
1113,8920,recurring,NULL,300,TRUE,TRUE,10:43.7,NULL,10:43.6,10:43.6
1114,2283,recurring,NULL,300,TRUE,TRUE,43:29.7,NULL,43:29.6,43:29.6
1119,2283,recurring,NULL,299.5522831,TRUE,TRUE,47:10.6,NULL,47:10.6,47:10.6
1094,9643,recurring,NULL,298.700271,TRUE,TRUE,11:41.1,NULL,11:40.9,11:40.9
1055,2075,recurring,NULL,293.8933071,TRUE,TRUE,15:58.9,NULL,15:58.8,15:58.8
1120,2283,recurring,NULL,299.7264005,TRUE,TRUE,47:28.1,NULL,47:28.0,47:28.0
1092,9643,recurring,NULL,282.8261184,TRUE,TRUE,03:57.8,NULL,03:57.7,03:57.7
1099,8920,recurring,NULL,293.9881807,TRUE,TRUE,36:15.6,NULL,36:15.6,36:15.6
1117,2283,recurring,NULL,297.3779298,TRUE,TRUE,46:25.6,NULL,46:25.5,46:25.5
1118,2283,recurring,NULL,298.6918146,TRUE,TRUE,46:47.9,NULL,46:47.9,46:47.9
1116,2283,recurring,NULL,292.1097264,TRUE,TRUE,45:57.3,NULL,45:57.2,45:57.2
1093,9643,recurring,NULL,298.1103102,TRUE,TRUE,02:24.2,NULL,02:24.1,02:24.1
1095,9643,recurring,NULL,299.3347207,TRUE,TRUE,12:08.7,NULL,12:08.7,12:08.7
1115,2283,recurring,NULL,292.371993,TRUE,TRUE,44:46.0,NULL,44:45.8,44:45.8
1106,8920,recurring,NULL,295.6930714,TRUE,TRUE,45:07.2,NULL,45:07.1,45:07.1
1087,9643,recurring,NULL,287.7043883,TRUE,TRUE,08:37.5,NULL,08:37.5,08:37.5
1096,9643,recurring,NULL,299.8311309,TRUE,TRUE,12:36.6,NULL,12:36.5,12:36.5
1098,9643,recurring,NULL,294.0608484,TRUE,TRUE,17:24.6,NULL,17:24.6,17:24.6
1121,2283,recurring,NULL,297.9042481,TRUE,TRUE,48:26.5,NULL,48:26.5,48:26.5
1122,9643,recurring,NULL,300,TRUE,TRUE,08:13.8,NULL,08:13.8,08:13.8
1123,9845,recurring,NULL,300,TRUE,TRUE,15:02.4,NULL,15:02.4,15:02.4
1124,4769,recurring,NULL,300,TRUE,TRUE,19:54.3,NULL,19:54.3,19:54.3
1125,4769,recurring,NULL,300,TRUE,TRUE,20:55.6,NULL,20:55.6,20:55.6
1126,2315,recurring,NULL,300,TRUE,TRUE,48:16.7,NULL,48:16.4,48:16.4
1127,2315,recurring,NULL,300,TRUE,TRUE,32:56.4,NULL,32:55.9,32:55.9
1128,2315,recurring,NULL,300,TRUE,TRUE,46:09.2,NULL,46:09.0,46:09.0
1130,2315,recurring,NULL,300,TRUE,FALSE,47:41.5,NULL,47:41.3,47:41.3
1129,2315,recurring,NULL,300,TRUE,FALSE,46:59.9,NULL,46:59.8,46:59.8
1131,2315,recurring,NULL,300,TRUE,TRUE,55:13.1,NULL,55:13.0,55:13.0
1132,2315,recurring,NULL,300,TRUE,TRUE,55:53.0,NULL,55:52.9,55:52.9
1133,9904,recurring,100,NULL,FALSE,TRUE,17:53.7,17:53.7,17:53.7,17:53.7
1134,5021,recurring,NULL,300,TRUE,TRUE,10:11.0,NULL,10:10.9,10:10.9
1135,6782,recurring,NULL,300,TRUE,TRUE,36:27.1,NULL,36:27.0,36:27.0
1136,6782,recurring,NULL,300,TRUE,TRUE,36:54.3,NULL,36:54.3,36:54.3
1137,6782,recurring,NULL,300,TRUE,TRUE,12:00.3,NULL,12:00.3,12:00.3
1138,6782,recurring,NULL,300,TRUE,TRUE,12:41.2,NULL,12:41.1,12:41.1
1139,6782,recurring,NULL,300,TRUE,TRUE,14:07.6,NULL,14:07.6,14:07.6
1140,6782,recurring,NULL,300,TRUE,TRUE,15:09.3,NULL,15:09.2,15:09.2
1141,6782,recurring,NULL,300,TRUE,TRUE,15:51.7,NULL,15:51.7,15:51.7
1142,6782,recurring,NULL,300,TRUE,TRUE,16:47.6,NULL,16:47.5,16:47.5
1143,6782,recurring,NULL,300,TRUE,TRUE,17:33.1,NULL,17:32.9,17:32.9
1144,6782,recurring,NULL,300,TRUE,TRUE,19:43.9,NULL,19:43.9,19:43.9
1145,6782,recurring,NULL,300,TRUE,TRUE,20:18.5,NULL,20:18.4,20:18.4
1146,6782,recurring,NULL,300,TRUE,TRUE,20:41.5,NULL,20:41.4,20:41.4
1147,9778,recurring,100,NULL,FALSE,TRUE,55:04.1,55:04.1,55:04.1,55:04.1
