id,name,is_permanent,created_at,updated_at,description,invitation_display,is_public,is_selectable,kind,referral_code,short_description
40,Georgia Institute of Technology (Georgia Tech),FALSE,13:58.4,18:35.0,NULL,NULL,FALSE,FALSE,0,Georgia Institute of Technology (Georgia Tech),NULL
5,SuperAdmin,TRUE,37:23.9,19:17.9,NULL,NULL,FALSE,FALSE,NULL,NULL,NULL
62,Creighton University,FALSE,14:03.7,42:28.1,NULL,NULL,FALSE,FALSE,0,Creighton University,NULL
28,Universirty of Massachusetts (Amherst),FALSE,13:55.2,13:55.2,NULL,NULL,FALSE,FALSE,0,Universirty of Massachusetts (Amherst),NULL
29,The University of Rhode Island,FALSE,13:55.4,13:55.4,NULL,NULL,FALSE,FALSE,0,The University of Rhode Island,NULL
30,University of Richmond,FALSE,13:55.8,13:55.8,NULL,NULL,FALSE,FALSE,0,University of Richmond,NULL
58,University of Texas (Austin),FALSE,14:02.8,00:57.9,NULL,NULL,FALSE,FALSE,0,University of Texas (Austin),NULL
31,Saint Joseph's University,FALSE,13:56.1,13:56.1,NULL,NULL,FALSE,FALSE,0,Saint Joseph's University,NULL
10,Autotrader,TRUE,37:23.9,00:31.7,NULL,NULL,FALSE,FALSE,NULL,NULL,NULL
33,St. Bonaventure University,FALSE,13:56.5,13:56.5,NULL,NULL,FALSE,FALSE,0,St. Bonaventure University,NULL
41,University of Maryland,FALSE,13:58.6,53:16.9,NULL,NULL,FALSE,FALSE,0,University of Maryland,NULL
34,UNC Charlotte,FALSE,13:56.7,13:56.7,NULL,NULL,FALSE,FALSE,0,UNC Charlotte,NULL
44,University of North Carolina (Chapel Hill),FALSE,13:59.5,59:48.1,NULL,NULL,FALSE,FALSE,0,University of North Carolina (Chapel Hill),NULL
60,West Virginia University,FALSE,14:03.2,38:22.9,NULL,NULL,FALSE,FALSE,0,West Virginia University,NULL
26,The George Washington University,FALSE,13:54.5,03:50.7,NULL,NULL,FALSE,FALSE,0,The George Washington University,NULL
37,Clemson University,FALSE,13:57.3,13:57.3,NULL,NULL,FALSE,FALSE,0,Clemson University,NULL
54,Kansas State University,FALSE,14:01.7,31:56.0,NULL,NULL,FALSE,FALSE,0,Kansas State University,NULL
4,Internal,TRUE,37:23.9,18:06.4,NULL,NULL,FALSE,FALSE,NULL,NULL,NULL
15,Public,FALSE,36:43.5,11:48.1,NULL,NULL,TRUE,FALSE,1,NULL,NULL
48,University of Virginia,FALSE,14:00.4,39:02.1,NULL,NULL,FALSE,FALSE,0,University of Virginia,NULL
1,Admin,TRUE,37:23.9,17:49.8,NULL,NULL,FALSE,FALSE,NULL,NULL,NULL
43,University of Notre Dame,FALSE,13:59.3,13:59.3,NULL,NULL,FALSE,FALSE,0,University of Notre Dame,NULL
45,North Carolina State University,FALSE,13:59.8,13:59.8,NULL,NULL,FALSE,FALSE,0,North Carolina State University,NULL
18,BAE,FALSE,05:41.7,13:58.7,Questions created by BAE,NULL,FALSE,FALSE,1,NULL,NULL
46,University of Pittsburgh,FALSE,14:00.0,14:00.0,NULL,NULL,FALSE,FALSE,0,University of Pittsburgh,NULL
16,Invalid Questions,FALSE,14:51.3,14:06.3,"Put invalid questions in this role, and remove them from all other roles.",NULL,FALSE,FALSE,1,NULL,NULL
47,Syracuse University,FALSE,14:00.2,14:00.2,NULL,NULL,FALSE,FALSE,0,Syracuse University,NULL
17,GroupsAdmin,TRUE,58:37.6,18:03.7,NULL,NULL,FALSE,NULL,NULL,NULL,NULL
50,Wake Forest University,FALSE,14:00.9,14:00.9,NULL,NULL,FALSE,FALSE,0,Wake Forest University,NULL
51,Baylor University,FALSE,14:01.1,26:35.7,NULL,NULL,FALSE,FALSE,0,Baylor University,NULL
49,Virginia Tech,FALSE,14:00.6,09:28.0,NULL,NULL,FALSE,FALSE,0,Virginia Tech,NULL
11,RolesAdmin,TRUE,04:07.8,43:43.5,NULL,NULL,FALSE,FALSE,NULL,NULL,NULL
55,The University of Oklahoma,FALSE,14:02.2,14:02.2,NULL,NULL,FALSE,FALSE,0,The University of Oklahoma,NULL
56,Oklahoma State University,FALSE,14:02.4,14:02.4,NULL,NULL,FALSE,FALSE,0,Oklahoma State University,NULL
57,Texas Christian University,FALSE,14:02.6,14:02.6,NULL,NULL,FALSE,FALSE,0,Texas Christian University,NULL
61,Butler University,FALSE,14:03.5,14:03.5,NULL,NULL,FALSE,FALSE,0,Butler University,NULL
19,SRI,FALSE,05:52.0,33:48.9,Questions created by SRI,NULL,FALSE,FALSE,1,NULL,NULL
22,University of Dayton,FALSE,13:53.4,27:02.1,NULL,NULL,FALSE,FALSE,0,University of Dayton,NULL
32,Saint Louis University,FALSE,13:56.3,12:07.5,NULL,NULL,FALSE,FALSE,0,Saint Louis University,NULL
42,University of Miami,FALSE,13:58.8,27:54.3,NULL,NULL,FALSE,FALSE,0,University of Miami,NULL
135,FUSE,FALSE,57:05.2,57:05.2,Questions inspired by FUSE (subset of BAE &amp; SRI Qs),NULL,FALSE,FALSE,1,NULL,FUSE-inspired Qs
39,Florida State University,FALSE,13:58.0,56:58.7,NULL,NULL,FALSE,FALSE,0,Florida State University,NULL
59,Texas Tech University,FALSE,14:03.0,03:31.0,NULL,NULL,FALSE,FALSE,0,Texas Tech University,NULL
6,UserAdmin,TRUE,37:23.9,32:49.4,NULL,NULL,FALSE,FALSE,NULL,NULL,NULL
7,EmailAdmin,TRUE,37:23.9,54:47.8,NULL,NULL,FALSE,FALSE,NULL,NULL,NULL
2,System,TRUE,37:23.9,12:51.2,NULL,NULL,FALSE,FALSE,NULL,NULL,NULL
52,Iowa State University,FALSE,14:01.3,14:32.3,NULL,NULL,FALSE,FALSE,0,Iowa State University,NULL
8,TradeAdmin,TRUE,37:23.9,43:50.4,NULL,NULL,FALSE,FALSE,NULL,NULL,NULL
27,La Salle University,FALSE,13:55.0,37:24.2,NULL,NULL,FALSE,FALSE,0,La Salle University,NULL
133,TRADOC,FALSE,57:49.3,49:56.6,NULL,NULL,FALSE,FALSE,0,TRADOC,TSOA team for Army shot-detection experiment
23,Duquesne University,FALSE,13:53.6,20:53.3,NULL,NULL,FALSE,FALSE,0,Duquesne University,NULL
35,Virginia Commonwealth University,FALSE,13:56.9,43:47.4,NULL,NULL,FALSE,FALSE,0,Virginia Commonwealth University,NULL
24,Fordham University,FALSE,13:53.8,16:44.6,NULL,NULL,FALSE,FALSE,0,Fordham University,NULL
38,Duke University,FALSE,13:57.5,42:28.8,NULL,NULL,FALSE,FALSE,0,Duke University,NULL
63,DePaul University,FALSE,14:03.9,54:14.9,NULL,NULL,FALSE,FALSE,0,DePaul University,NULL
136,Tournament,FALSE,52:12.3,44:55.2,NULL,NULL,FALSE,FALSE,1,NULL,NULL
20,IEEE,FALSE,33:53.9,40:51.9,Questions created by IEEE,NULL,FALSE,FALSE,0,IEEE_Fellows,NULL
12,BadgesAdmin,TRUE,04:07.8,43:34.1,NULL,NULL,FALSE,FALSE,NULL,NULL,NULL
21,IEEE Fellows,FALSE,08:19.1,39:55.6,NULL,NULL,FALSE,FALSE,1,NULL,NULL
64,Georgetown University,FALSE,14:04.1,18:25.3,NULL,NULL,FALSE,FALSE,0,Georgetown University,NULL
36,Boston College,FALSE,13:57.1,38:25.0,NULL,NULL,FALSE,FALSE,0,Boston College,NULL
25,George Mason University,FALSE,13:54.3,48:51.9,NULL,NULL,FALSE,FALSE,0,George Mason University,NULL
9,QuestionAdmin,TRUE,37:23.9,18:22.3,NULL,NULL,FALSE,FALSE,NULL,NULL,NULL
83,Arizona State University,FALSE,14:10.8,57:08.1,NULL,NULL,FALSE,FALSE,0,Arizona State University,NULL
67,St. Johns University,FALSE,14:05.2,14:05.2,NULL,NULL,FALSE,FALSE,0,St. Johns University,NULL
69,Villanova University,FALSE,14:05.6,14:05.6,NULL,NULL,FALSE,FALSE,0,Villanova University,NULL
70,Xavier University,FALSE,14:05.8,14:05.8,NULL,NULL,FALSE,FALSE,0,Xavier University,NULL
77,University of Nebraska (Lincoln),FALSE,14:09.3,14:09.3,NULL,NULL,FALSE,FALSE,0,University of Nebraska (Lincoln),NULL
78,The Ohio State University,FALSE,14:09.5,14:09.5,NULL,NULL,FALSE,FALSE,0,The Ohio State University,NULL
82,The University of Arizona,FALSE,14:10.6,14:10.6,NULL,NULL,FALSE,FALSE,0,The University of Arizona,NULL
111,United States Naval Academy,FALSE,14:20.7,55:15.9,NULL,NULL,FALSE,FALSE,0,United States Naval Academy,NULL
65,Marquette University,FALSE,14:04.5,42:31.6,NULL,NULL,FALSE,FALSE,0,Marquette University,NULL
94,The University of Alabama,FALSE,14:14.4,14:14.4,NULL,NULL,FALSE,FALSE,0,The University of Alabama,NULL
98,University of Georgia,FALSE,14:16.0,14:16.0,NULL,NULL,FALSE,FALSE,0,University of Georgia,NULL
99,University of Kentucky,FALSE,14:16.2,14:16.2,NULL,NULL,FALSE,FALSE,0,University of Kentucky,NULL
101,The University of Mississippi,FALSE,14:16.6,14:16.6,NULL,NULL,FALSE,FALSE,0,The University of Mississippi,NULL
103,University of Missouri,FALSE,14:17.3,14:17.3,NULL,NULL,FALSE,FALSE,0,University of Missouri,NULL
104,University of South Carolina,FALSE,14:17.5,14:17.5,NULL,NULL,FALSE,FALSE,0,University of South Carolina,NULL
105,The University of Tennessee,FALSE,14:18.0,14:18.0,NULL,NULL,FALSE,FALSE,0,The University of Tennessee,NULL
110,University of Idaho,FALSE,14:20.2,14:20.2,NULL,NULL,FALSE,FALSE,0,University of Idaho,NULL
113,United States Coast Guard Academy,FALSE,14:21.4,14:21.4,NULL,NULL,FALSE,FALSE,0,United States Coast Guard Academy,NULL
115,Notre Dame,FALSE,14:21.8,14:21.8,NULL,NULL,FALSE,FALSE,0,Notre Dame,NULL
116,Brown University,FALSE,14:22.3,14:22.3,NULL,NULL,FALSE,FALSE,0,Brown University,NULL
128,State University of New York at Buffalo,FALSE,14:25.3,14:25.3,NULL,NULL,FALSE,FALSE,0,State University of New York at Buffalo,NULL
72,Indiana University (Bloomington),FALSE,14:06.3,03:26.3,NULL,NULL,FALSE,FALSE,0,Indiana University (Bloomington),NULL
108,United States Military Academy,FALSE,14:19.8,57:22.5,NULL,NULL,FALSE,FALSE,0,United States Military Academy,NULL
53,The University of Kansas,FALSE,14:01.5,26:35.7,NULL,NULL,FALSE,FALSE,0,The University of Kansas,NULL
106,Texas A&M University,FALSE,14:18.2,15:19.4,NULL,NULL,FALSE,FALSE,0,Texas A&M University,NULL
126,"University of California, Berkeley",FALSE,14:24.9,49:57.0,NULL,NULL,FALSE,FALSE,0,"University of California, Berkeley",NULL
75,Michigan State University,FALSE,14:08.8,09:23.8,NULL,NULL,FALSE,FALSE,0,Michigan State University,NULL
100,Louisiana State University,FALSE,14:16.4,39:52.1,NULL,NULL,FALSE,FALSE,0,Louisiana State University,NULL
95,University of Arkansas,FALSE,14:14.6,56:50.0,NULL,NULL,FALSE,FALSE,0,University of Arkansas,NULL
84,University of California (Cal),FALSE,14:11.2,54:32.7,NULL,NULL,FALSE,FALSE,0,California,NULL
122,Princeton University,FALSE,14:24.0,38:53.7,NULL,NULL,FALSE,FALSE,0,Princeton University,NULL
71,University of Illinois (Urbana-Champaign),FALSE,14:06.0,17:07.0,NULL,NULL,FALSE,FALSE,0,University of Illinois (Urbana-Champaign),NULL
121,University of Pennsylvania,FALSE,14:23.8,13:45.4,NULL,NULL,FALSE,FALSE,0,University of Pennsylvania,NULL
96,Auburn University,FALSE,14:14.8,57:18.2,NULL,NULL,FALSE,FALSE,0,Auburn University,NULL
81,University of Wisconsin,FALSE,14:10.3,46:48.8,NULL,NULL,FALSE,FALSE,0,University of Wisconsin,NULL
88,Stanford University,FALSE,14:12.6,31:36.2,NULL,NULL,FALSE,FALSE,0,Stanford University,NULL
134,IEEE_TRADOC,FALSE,58:08.3,49:36.5,NULL,NULL,FALSE,FALSE,0,IEEE_TRADOC,NULL
125,California Institute of Technology (Cal Tech),FALSE,14:24.7,42:20.4,NULL,NULL,FALSE,FALSE,0,California Institute of Technology (Cal Tech),NULL
117,Columbia University,FALSE,14:22.7,54:50.0,NULL,NULL,FALSE,FALSE,0,Columbia University,NULL
127,Northwestern University,FALSE,14:25.1,42:54.6,NULL,NULL,FALSE,FALSE,0,Northwestern University,NULL
118,Cornell University,FALSE,14:23.2,31:43.4,NULL,NULL,FALSE,FALSE,0,Cornell University,NULL
107,Vanderbilt University,FALSE,14:19.5,22:45.0,NULL,NULL,FALSE,FALSE,0,Vanderbilt University,NULL
124,Massachusetts Institute of Technology,FALSE,14:24.5,01:28.4,NULL,NULL,FALSE,FALSE,0,Massachusetts Institute of Technology,NULL
66,Providence College,FALSE,14:05.0,51:25.3,NULL,NULL,FALSE,FALSE,0,Providence College,NULL
97,University of Florida,FALSE,14:15.0,05:29.3,NULL,NULL,FALSE,FALSE,0,University of Florida,NULL
109,Brigham Young University,FALSE,14:20.0,45:26.9,NULL,NULL,FALSE,FALSE,0,Brigham Young University,NULL
87,Oregon State University,FALSE,14:12.4,05:05.6,NULL,NULL,FALSE,FALSE,0,Oregon State University,NULL
74,University of Michigan,FALSE,14:08.6,45:48.3,NULL,NULL,FALSE,FALSE,0,University of Michigan,NULL
76,University of Minnesota,FALSE,14:09.0,56:22.8,NULL,NULL,FALSE,FALSE,0,University of Minnesota,NULL
86,University of Oregon,FALSE,14:11.9,27:48.0,NULL,NULL,FALSE,FALSE,0,University of Oregon,NULL
85,University of Colorado,FALSE,14:11.7,11:00.8,NULL,NULL,FALSE,FALSE,0,University of Colorado,NULL
73,The University of Iowa,FALSE,14:06.5,21:23.8,NULL,NULL,FALSE,FALSE,0,The University of Iowa,NULL
112,United States Air Force Academy,FALSE,14:20.9,45:43.5,NULL,NULL,FALSE,FALSE,0,United States Air Force Academy,NULL
119,Dartmouth College,FALSE,14:23.4,23:00.4,NULL,NULL,FALSE,FALSE,0,Dartmouth College,NULL
80,Purdue University,FALSE,14:10.1,29:43.3,NULL,NULL,FALSE,FALSE,0,Purdue University,NULL
68,Seton Hall University,FALSE,14:05.4,29:58.1,NULL,NULL,FALSE,FALSE,0,Seton Hall University,NULL
120,Harvard University,FALSE,14:23.6,54:52.0,NULL,NULL,FALSE,FALSE,0,Harvard University,NULL
79,Penn State University,FALSE,14:09.9,08:01.7,NULL,NULL,FALSE,FALSE,0,Penn State University,NULL
102,Mississippi State University,FALSE,14:16.8,42:37.1,NULL,NULL,FALSE,FALSE,0,Mississippi State University,NULL
92,University of Washington,FALSE,14:14.0,16:59.7,NULL,NULL,FALSE,FALSE,0,University of Washington,NULL
93,Washington State University,FALSE,14:14.2,35:41.5,NULL,NULL,FALSE,FALSE,0,Washington State University,NULL
91,University of Utah,FALSE,14:13.7,08:47.4,NULL,NULL,FALSE,FALSE,0,University of Utah,NULL
123,Yale University,FALSE,14:24.3,55:40.6,NULL,NULL,FALSE,FALSE,0,Yale University,NULL
129,Johns Hopkins,FALSE,25:48.4,56:45.7,NULL,NULL,FALSE,FALSE,0,johnshopkins,NULL
114,New Mexico State University,FALSE,14:21.6,57:17.6,NULL,NULL,FALSE,FALSE,0,New Mexico State University,NULL
89,"University of California, Los Angeles (UCLA)",FALSE,14:13.1,28:05.1,NULL,NULL,FALSE,FALSE,0,"University of California, Los Angeles (UCLA)",NULL
90,University of Southern California (USC),FALSE,14:13.5,45:52.1,NULL,NULL,FALSE,FALSE,0,University of Southern California (USC),NULL
132,BannerAdmin,TRUE,35:00.9,32:58.8,NULL,NULL,FALSE,NULL,NULL,NULL,NULL
13,Study 2.1A,FALSE,56:57.0,49:45.8,SciCast vs Quantitative Models,"You are invited to participate in a SciCast study comprising a carefully selected group of questions (which will be visible only if you Accept). For details, please view this document: <ul>
<li><a href=""https://dl.dropboxusercontent.com/u/9525701/Experiment%202.1%20Invite.pdf"" rel=""nofollow"">https://dl.dropboxusercontent.com/u/9525701/Experiment%202.1%20Invite.pdf</a>.</li>
</ul> If you will actively participate, please ""Accept"", else ""Decline"".
  Thanks!  
<p>     ~<i>The SciCast team</i></p>",FALSE,FALSE,1,NULL,NULL
14,Study 2.1B,FALSE,30:43.0,49:52.2,SciCast vs Quantitative Models,"You are invited to participate in a SciCast study comprising a carefully selected group of questions (which will be visible only if you Accept). For details, please view this document: <ul>
<li><a href=""https://dl.dropboxusercontent.com/u/9525701/Experiment%202.1%20Invite.pdf"" rel=""nofollow"">https://dl.dropboxusercontent.com/u/9525701/Experiment%202.1%20Invite.pdf</a></li>
</ul> If you will actively participate, please ""Accept"", else ""Decline"".
  Thanks!  
<p>     ~<i>The SciCast team</i></p>",FALSE,FALSE,1,NULL,NULL
130,CollegeBowl,FALSE,52:53.6,25:33.0,Any forecaster or question involved in the College Bowl should be added to the CollegeBowl group.,NULL,FALSE,FALSE,0,NULL,Qs & People in the College Bowl
3,User,TRUE,37:23.9,28:13.0,NULL,NULL,FALSE,FALSE,NULL,NULL,NULL
131,Got email?,FALSE,50:02.9,07:59.9,Group for people who have not provided email addresses for important messages,"The SciCast Team could not send you a $25 Amazon Gift Card because we don't have your email address. Please update ""Profile and Settings"" under ""My Dashboard"" to be eligible for gift cards.  You may still receive other prizes without email.  Whether or not you provide your email address, please click ""Decline"" below.",FALSE,FALSE,1,131,People who have no email for gift cards
